Asset,Number of Backtest Observations,Actual VaR Breaches,Expected VaR Breaches,Breach Rate,Expected Breach Rate,Average Return on Breach Days,Worst Return,Average VaR,Average ES,Interpretation
AAPL,336,24,16.800000000000015,0.07142857142857142,0.050000000000000044,-0.03883892883279141,-0.09245610055374764,0.029517798676894642,0.04233368158321889,Reasonable
AMZN,336,20,16.800000000000015,0.05952380952380952,0.050000000000000044,-0.04280167245961281,-0.08979129298487254,0.030072487006560948,0.045668254875229186,Reasonable
GOOG,336,14,16.800000000000015,0.041666666666666664,0.050000000000000044,-0.040888953987776054,-0.07506065297599984,0.02917892511648268,0.04181800907645231,Reasonable
MSFT,336,21,16.800000000000015,0.0625,0.050000000000000044,-0.035351329859095316,-0.09993146244609463,0.02287079826105613,0.03441241750635363,Reasonable
NVDA,336,12,16.800000000000015,0.03571428571428571,0.050000000000000044,-0.07158895565138089,-0.16968160945545874,0.0501586311001707,0.07188909547287475,Reasonable
