Asset,Number of Backtest Observations,Actual VaR Breaches,Expected VaR Breaches,Breach Rate,Expected Breach Rate,Average Return on Breach Days,Worst Return,Average VaR,Average ES,Interpretation
AAPL,336,24,16.800000000000015,0.07142857142857142,0.050000000000000044,-0.038838925621509535,-0.09245610055374764,0.029517780726032113,0.04233368257373963,Reasonable
AMZN,336,20,16.800000000000015,0.05952380952380952,0.050000000000000044,-0.04280167245961281,-0.08979129298487254,0.030072487006560948,0.045668254875229186,Reasonable
GOOG,336,14,16.800000000000015,0.041666666666666664,0.050000000000000044,-0.040888903748720305,-0.07506038187836461,0.029178910703447306,0.041817957451797894,Reasonable
MSFT,336,21,16.800000000000015,0.0625,0.050000000000000044,-0.0353513261394297,-0.09993146244609463,0.022870803363333313,0.034412400110005764,Reasonable
NVDA,336,12,16.800000000000015,0.03571428571428571,0.050000000000000044,-0.07158895100279843,-0.16968160945545874,0.05015861364868514,0.07188909198647485,Reasonable
