Asset,Number of Backtest Observations,Actual VaR Breaches,Expected VaR Breaches,Breach Rate,Expected Breach Rate,Average Return on Breach Days,Worst Return,Average VaR,Average ES,Interpretation
AAPL,335,24,16.750000000000014,0.07164179104477612,0.050000000000000044,-0.038838928105133334,-0.09245610055374764,0.02954567907004271,0.042371905996723906,Reasonable
AMZN,335,20,16.750000000000014,0.05970149253731343,0.050000000000000044,-0.04280167245961281,-0.08979129298487254,0.030086182210644945,0.04568334550214784,Reasonable
GOOG,335,14,16.750000000000014,0.041791044776119404,0.050000000000000044,-0.040888933205334155,-0.07506056029113428,0.029198222764590675,0.04185070677466513,Reasonable
MSFT,335,21,16.750000000000014,0.0626865671641791,0.050000000000000044,-0.03535132933514927,-0.09993146244609463,0.022866055176505782,0.0344060068812624,Reasonable
NVDA,335,12,16.750000000000014,0.03582089552238806,0.050000000000000044,-0.07158896734401694,-0.16968169831960267,0.050207942871223904,0.07197969022206933,Reasonable
