Asset,Number of Backtest Observations,Actual VaR Breaches,Expected VaR Breaches,Breach Rate,Expected Breach Rate,Average Return on Breach Days,Worst Return,Average VaR,Average ES,Interpretation
AAPL,336,24,16.800000000000015,0.07142857142857142,0.050000000000000044,-0.03883893154150335,-0.09245610055374764,0.029517796325829144,0.042333692085374006,Reasonable
AMZN,336,20,16.800000000000015,0.05952380952380952,0.050000000000000044,-0.04280167245961281,-0.08979129298487254,0.030072487006560948,0.045668254875229186,Reasonable
GOOG,336,14,16.800000000000015,0.041666666666666664,0.050000000000000044,-0.040888933205334155,-0.07506056029113428,0.029178946018111815,0.04181799508885332,Reasonable
MSFT,336,21,16.800000000000015,0.0625,0.050000000000000044,-0.03535134626807198,-0.09993146244609463,0.02287080888170347,0.03441244392503208,Reasonable
NVDA,336,12,16.800000000000015,0.03571428571428571,0.050000000000000044,-0.07158896305672623,-0.16968169831960267,0.05015861557995304,0.07188909247818688,Reasonable
