Asset,Number of Backtest Observations,Actual VaR Breaches,Expected VaR Breaches,Breach Rate,Expected Breach Rate,Average Return on Breach Days,Worst Return,Average VaR,Average ES,Interpretation
AAPL,335,24,16.750000000000014,0.07164179104477612,0.050000000000000044,-0.03883892883279141,-0.09245610055374764,0.02954569098279572,0.042371898165649,Reasonable
AMZN,335,20,16.750000000000014,0.05970149253731343,0.050000000000000044,-0.04280167245961281,-0.08979129298487254,0.030086182210644945,0.04568334550214784,Reasonable
GOOG,335,14,16.750000000000014,0.041791044776119404,0.050000000000000044,-0.04088892760512463,-0.07506038187836461,0.029198242225279777,0.04185070756507305,Reasonable
MSFT,335,21,16.750000000000014,0.0626865671641791,0.050000000000000044,-0.035351339352264165,-0.09993146244609463,0.022866051910484023,0.03440600695573523,Reasonable
NVDA,335,12,16.750000000000014,0.03582089552238806,0.050000000000000044,-0.07158896787321865,-0.16968169831960267,0.05020796403301806,0.07197969531124492,Reasonable
