Asset,Number of Backtest Observations,Actual VaR Breaches,Expected VaR Breaches,Breach Rate,Expected Breach Rate,Average Return on Breach Days,Worst Return,Average VaR,Average ES,Interpretation
AAPL,340,24,17.000000000000014,0.07058823529411765,0.050000000000000044,-0.038838910244900576,-0.09245605599553952,0.02940027672150942,0.04217245129542334,Reasonable
AMZN,340,20,17.000000000000014,0.058823529411764705,0.050000000000000044,-0.04280167245961281,-0.08979129298487254,0.03001851179046523,0.04560878005149097,Reasonable
GOOG,340,15,17.000000000000014,0.04411764705882353,0.050000000000000044,-0.03988908517414399,-0.07506046760626872,0.02910321296028823,0.04166749291242996,Reasonable
MSFT,340,21,17.000000000000014,0.061764705882352944,0.050000000000000044,-0.03535132622301956,-0.09993146244609463,0.022889526566704572,0.034437685657399186,Reasonable
NVDA,340,12,17.000000000000014,0.03529411764705882,0.050000000000000044,-0.07158895565138089,-0.16968160945545874,0.04996418360075331,0.07153200559595195,Reasonable
