Asset,Number of Backtest Observations,Actual VaR Breaches,Expected VaR Breaches,Breach Rate,Expected Breach Rate,Average Return on Breach Days,Worst Return,Average VaR,Average ES,Interpretation
AAPL,336,24,16.800000000000015,0.07142857142857142,0.050000000000000044,-0.03883892671016897,-0.0924560321036455,0.0295178327579229,0.04233369685615024,Reasonable
AMZN,336,20,16.800000000000015,0.05952380952380952,0.050000000000000044,-0.04280167245961281,-0.08979129298487254,0.030072487006560948,0.045668254875229186,Reasonable
GOOG,336,14,16.800000000000015,0.041666666666666664,0.050000000000000044,-0.040888942314309805,-0.07506056029113428,0.0291789286418839,0.04181798200795008,Reasonable
MSFT,336,21,16.800000000000015,0.0625,0.050000000000000044,-0.03535133528860109,-0.09993146244609463,0.022870789376363002,0.03441240670369644,Reasonable
NVDA,336,12,16.800000000000015,0.03571428571428571,0.050000000000000044,-0.07158895523813483,-0.16968166296755394,0.05015863472402306,0.07188908714274535,Reasonable
