Asset,Number of Backtest Observations,Actual VaR Breaches,Expected VaR Breaches,Breach Rate,Expected Breach Rate,Average Return on Breach Days,Worst Return,Average VaR,Average ES,Interpretation
AAPL,341,24,17.050000000000015,0.07038123167155426,0.050000000000000044,-0.038838929503153354,-0.09245619302187891,0.029371347195536905,0.04213275292845528,Reasonable
AMZN,341,20,17.050000000000015,0.05865102639296188,0.050000000000000044,-0.04280167245961281,-0.08979129298487254,0.030005215842805286,0.04559412936177246,Reasonable
GOOG,341,15,17.050000000000015,0.04398826979472141,0.050000000000000044,-0.03988904458959283,-0.07506047456323872,0.029084463385680912,0.04162466616333356,Reasonable
MSFT,341,21,17.050000000000015,0.06158357771260997,0.050000000000000044,-0.03535132622301956,-0.09993146244609463,0.022894154550477396,0.034443910734238296,Reasonable
NVDA,341,13,17.050000000000015,0.03812316715542522,0.050000000000000044,-0.06948220322223869,-0.16968160945545874,0.04991628829891182,0.0714440432245504,Reasonable
