Asset,Number of Backtest Observations,Actual VaR Breaches,Expected VaR Breaches,Breach Rate,Expected Breach Rate,Average Return on Breach Days,Worst Return,Average VaR,Average ES,Interpretation
AAPL,336,24,16.800000000000015,0.07142857142857142,0.050000000000000044,-0.0388389313114887,-0.09245616900384979,0.029517790563857497,0.04233368235955021,Reasonable
AMZN,336,20,16.800000000000015,0.05952380952380952,0.050000000000000044,-0.04280167245961281,-0.08979129298487254,0.030072487006560948,0.045668254875229186,Reasonable
GOOG,336,14,16.800000000000015,0.041666666666666664,0.050000000000000044,-0.04088890895697179,-0.07506047456323872,0.02917889256070598,0.041817981830849484,Reasonable
MSFT,336,21,16.800000000000015,0.0625,0.050000000000000044,-0.035351333424954876,-0.09993146244609463,0.02287081469788138,0.03441242608659791,Reasonable
NVDA,336,12,16.800000000000015,0.03571428571428571,0.050000000000000044,-0.07158896787321865,-0.16968169831960267,0.050158621503175925,0.0718890933875948,Reasonable
