Asset,Number of Backtest Observations,Actual VaR Breaches,Expected VaR Breaches,Breach Rate,Expected Breach Rate,Average Return on Breach Days,Worst Return,Average VaR,Average ES,Interpretation
AAPL,337,24,16.850000000000016,0.0712166172106825,0.050000000000000044,-0.038838931264958874,-0.0924560321036455,0.029488154033280225,0.04229301979841505,Reasonable
AMZN,337,20,16.850000000000016,0.05934718100890208,0.050000000000000044,-0.04280167245961281,-0.08979129298487254,0.03005887307965253,0.04565325380692726,Reasonable
GOOG,337,14,16.850000000000016,0.04154302670623145,0.050000000000000044,-0.040888941143565206,-0.07506047456323872,0.029159757280238553,0.04178546199379871,Reasonable
MSFT,337,21,16.850000000000016,0.06231454005934718,0.050000000000000044,-0.035351341333023124,-0.09993146244609463,0.022875533910144456,0.03441879697296307,Reasonable
NVDA,337,12,16.850000000000016,0.03560830860534125,0.050000000000000044,-0.07158895100279843,-0.16968160945545874,0.050109567626543984,0.07179901793214878,Reasonable
