Asset,Number of Backtest Observations,Actual VaR Breaches,Expected VaR Breaches,Breach Rate,Expected Breach Rate,Average Return on Breach Days,Worst Return,Average VaR,Average ES,Interpretation
AAPL,335,24,16.750000000000014,0.07164179104477612,0.050000000000000044,-0.03883892277941598,-0.09245610055374764,0.029545680029655023,0.04237189785013539,Reasonable
AMZN,335,20,16.750000000000014,0.05970149253731343,0.050000000000000044,-0.04280167245961281,-0.08979129298487254,0.030086182210644945,0.04568334550214784,Reasonable
GOOG,335,14,16.750000000000014,0.041791044776119404,0.050000000000000044,-0.0408889399166784,-0.07506056029113428,0.029198200989002106,0.041850716275491924,Reasonable
MSFT,335,21,16.750000000000014,0.0626865671641791,0.050000000000000044,-0.03535134313420248,-0.09993146244609463,0.02286602630282955,0.034406020801733155,Reasonable
NVDA,335,12,16.750000000000014,0.03582089552238806,0.050000000000000044,-0.07158896011072216,-0.16968166296755394,0.0502079482807505,0.07197969382861737,Reasonable
