Asset,Number of Backtest Observations,Actual VaR Breaches,Expected VaR Breaches,Breach Rate,Expected Breach Rate,Average Return on Breach Days,Worst Return,Average VaR,Average ES,Interpretation
AAPL,337,24,16.850000000000016,0.0712166172106825,0.050000000000000044,-0.03883893580355104,-0.0924561866874124,0.029488111692681052,0.042293046814468375,Reasonable
AMZN,337,20,16.850000000000016,0.05934718100890208,0.050000000000000044,-0.04280167245961281,-0.08979129298487254,0.03005887307965253,0.04565325380692726,Reasonable
GOOG,337,15,16.850000000000016,0.04451038575667656,0.050000000000000044,-0.03988906664560979,-0.07506038187836461,0.02915974954165819,0.04178544599082386,Reasonable
MSFT,337,21,16.850000000000016,0.06231454005934718,0.050000000000000044,-0.03535132622301956,-0.09993146244609463,0.02287556014004244,0.034418790498042064,Reasonable
NVDA,337,12,16.850000000000016,0.03560830860534125,0.050000000000000044,-0.07158896011072216,-0.16968166296755394,0.050109592592190035,0.07179903083711602,Reasonable
