Asset,Number of Backtest Observations,Actual VaR Breaches,Expected VaR Breaches,Breach Rate,Expected Breach Rate,Average Return on Breach Days,Worst Return,Average VaR,Average ES,Interpretation
AAPL,339,24,16.950000000000014,0.07079646017699115,0.050000000000000044,-0.0388389292778119,-0.09245611817424748,0.029429414611271427,0.04221240813705832,Reasonable
AMZN,339,20,16.950000000000014,0.058997050147492625,0.050000000000000044,-0.04280167245961281,-0.08979129298487254,0.03003188618029426,0.04562351717595708,Reasonable
GOOG,339,15,16.950000000000014,0.04424778761061947,0.050000000000000044,-0.039889067361500975,-0.07506046760626872,0.029122041972674016,0.041710516483791614,Reasonable
MSFT,339,21,16.950000000000014,0.061946902654867256,0.050000000000000044,-0.0353513261394297,-0.09993146244609463,0.02288490093370288,0.034431418493823196,Reasonable
NVDA,339,12,16.950000000000014,0.035398230088495575,0.050000000000000044,-0.07158896252752452,-0.16968169831960267,0.05001236298133772,0.0716204825840007,Reasonable
