Asset,Number of Backtest Observations,Actual VaR Breaches,Expected VaR Breaches,Breach Rate,Expected Breach Rate,Average Return on Breach Days,Worst Return,Average VaR,Average ES,Interpretation
AAPL,335,24,16.750000000000014,0.07164179104477612,0.050000000000000044,-0.03883892632872351,-0.09245610055374764,0.029545691337695284,0.042371904260550965,Reasonable
AMZN,335,20,16.750000000000014,0.05970149253731343,0.050000000000000044,-0.04280167245961281,-0.08979129298487254,0.030086182210644945,0.04568334550214784,Reasonable
GOOG,335,14,16.750000000000014,0.041791044776119404,0.050000000000000044,-0.040888915371677055,-0.07506047456323872,0.02919817596120698,0.04185068820905924,Reasonable
MSFT,335,21,16.750000000000014,0.0626865671641791,0.050000000000000044,-0.03535132622301956,-0.09993146244609463,0.022866072250359474,0.034405994936479105,Reasonable
NVDA,335,12,16.750000000000014,0.03582089552238806,0.050000000000000044,-0.07158896252752452,-0.16968169831960267,0.050207943386013094,0.07197968757053812,Reasonable
