Asset,Number of Backtest Observations,Actual VaR Breaches,Expected VaR Breaches,Breach Rate,Expected Breach Rate,Average Return on Breach Days,Worst Return,Average VaR,Average ES,Interpretation
AAPL,336,24,16.800000000000015,0.07142857142857142,0.050000000000000044,-0.038838945158597316,-0.09245610055374764,0.02951778482674348,0.042333707749280025,Reasonable
AMZN,336,20,16.800000000000015,0.05952380952380952,0.050000000000000044,-0.04280167245961281,-0.08979129298487254,0.030072487006560948,0.045668254875229186,Reasonable
GOOG,336,14,16.800000000000015,0.041666666666666664,0.050000000000000044,-0.040888944974891026,-0.07506046760626872,0.029178951021588146,0.041817975620109596,Reasonable
MSFT,336,21,16.800000000000015,0.0625,0.050000000000000044,-0.03535134295091186,-0.09993146244609463,0.022870795546086196,0.03441242695074226,Reasonable
NVDA,336,12,16.800000000000015,0.03571428571428571,0.050000000000000044,-0.07158895787894205,-0.16968169831960267,0.05015861801148311,0.0718890953889523,Reasonable
