Asset,Number of Backtest Observations,Actual VaR Breaches,Expected VaR Breaches,Breach Rate,Expected Breach Rate,Average Return on Breach Days,Worst Return,Average VaR,Average ES,Interpretation
AAPL,336,24,16.800000000000015,0.07142857142857142,0.050000000000000044,-0.03883892853939432,-0.09245610055374764,0.02951779950325291,0.04233368936275564,Reasonable
AMZN,336,20,16.800000000000015,0.05952380952380952,0.050000000000000044,-0.04280167245961281,-0.08979129298487254,0.030072487006560948,0.045668254875229186,Reasonable
GOOG,336,14,16.800000000000015,0.041666666666666664,0.050000000000000044,-0.04088895919900067,-0.07506065297599984,0.02917891640852189,0.04181800956841338,Reasonable
MSFT,336,21,16.800000000000015,0.0625,0.050000000000000044,-0.035351338220892974,-0.09993146244609463,0.02287082507371549,0.034412421834023744,Reasonable
NVDA,336,12,16.800000000000015,0.03571428571428571,0.050000000000000044,-0.07158896305672623,-0.16968169831960267,0.0501586241316125,0.07188909266614273,Reasonable
