Asset,Number of Backtest Observations,Actual VaR Breaches,Expected VaR Breaches,Breach Rate,Expected Breach Rate,Average Return on Breach Days,Worst Return,Average VaR,Average ES,Interpretation
AAPL,341,24,17.050000000000015,0.07038123167155426,0.050000000000000044,-0.038838939909543645,-0.09245618035294689,0.02937136138895107,0.042132770909952134,Reasonable
AMZN,341,20,17.050000000000015,0.05865102639296188,0.050000000000000044,-0.04280167245961281,-0.08979129298487254,0.030005215842805286,0.04559412936177246,Reasonable
GOOG,341,15,17.050000000000015,0.04398826979472141,0.050000000000000044,-0.039889067074344746,-0.07506038187836461,0.02908449206181084,0.041624670244049776,Reasonable
MSFT,341,21,17.050000000000015,0.06158357771260997,0.050000000000000044,-0.03535134313420248,-0.09993146244609463,0.02289409900813472,0.03444393477944768,Reasonable
NVDA,341,13,17.050000000000015,0.03812316715542522,0.050000000000000044,-0.06948220751323789,-0.16968160945545874,0.049916314864028095,0.07144404313033324,Reasonable
