Asset,Number of Backtest Observations,Actual VaR Breaches,Expected VaR Breaches,Breach Rate,Expected Breach Rate,Average Return on Breach Days,Worst Return,Average VaR,Average ES,Interpretation
AAPL,342,24,17.100000000000016,0.07017543859649122,0.050000000000000044,-0.03883892285687023,-0.0924561866874124,0.029342564860979553,0.042093269857558964,Reasonable
AMZN,342,20,17.100000000000016,0.05847953216374269,0.050000000000000044,-0.04280167245961281,-0.08979129298487254,0.029991997649225225,0.04557956434860202,Reasonable
GOOG,342,15,17.100000000000016,0.043859649122807015,0.050000000000000044,-0.03988904671920459,-0.07506038187836461,0.029065890478110055,0.04158211275521358,Reasonable
MSFT,342,21,17.100000000000016,0.06140350877192982,0.050000000000000044,-0.03535132282226912,-0.09993146244609463,0.02289870743648291,0.03445008574552099,Reasonable
NVDA,342,13,17.100000000000016,0.038011695906432746,0.050000000000000044,-0.0694822183064404,-0.16968169831960267,0.04987123615145404,0.07135887353226285,Reasonable
