Asset,Number of Backtest Observations,Actual VaR Breaches,Expected VaR Breaches,Breach Rate,Expected Breach Rate,Average Return on Breach Days,Worst Return,Average VaR,Average ES,Interpretation
AAPL,336,24,16.800000000000015,0.07142857142857142,0.050000000000000044,-0.03883894292386888,-0.09245616900384979,0.029517815940204854,0.04233370753379272,Reasonable
AMZN,336,20,16.800000000000015,0.05952380952380952,0.050000000000000044,-0.04280167245961281,-0.08979129298487254,0.030072487006560948,0.045668254875229186,Reasonable
GOOG,336,14,16.800000000000015,0.041666666666666664,0.050000000000000044,-0.04088894172764801,-0.07506047456323872,0.029178927326693964,0.041817977643822266,Reasonable
MSFT,336,21,16.800000000000015,0.0625,0.050000000000000044,-0.03535132276333859,-0.09993146244609463,0.022870821967367064,0.03441241507125465,Reasonable
NVDA,336,12,16.800000000000015,0.03571428571428571,0.050000000000000044,-0.07158895100279843,-0.16968160945545874,0.05015861578744171,0.07188909207869709,Reasonable
