Portfolio,AAPL,GOOG,NVDA,MSFT,AMZN
Equal Weighted Portfolio,0.2,0.2,0.2,0.2,0.2
Long-only Global Minimum Variance Portfolio,0.3001740879411122,0.26337745296773424,0.0,0.3558312311241948,0.08061722796695887
Long-only Tangency Portfolio,0.38715605635636274,0.0,0.5752648679565303,0.03757907568710694,0.0
