Portfolio,AAPL,GOOG,NVDA,MSFT,AMZN
Equal Weighted Portfolio,0.2,0.2,0.2,0.2,0.2
Long-only Global Minimum Variance Portfolio,0.30017425693245475,0.26337843985759213,0.0,0.35582980717606855,0.08061749603388466
Long-only Tangency Portfolio,0.38715846367951207,0.0,0.5752657381490303,0.037575798171457696,0.0
