Portfolio,AAPL,GOOG,NVDA,MSFT,AMZN
Equal Weighted Portfolio,0.2,0.2,0.2,0.2,0.2
Long-only Global Minimum Variance Portfolio,0.3001738677466718,0.26337756763220016,0.0,0.3558314062804154,0.0806171583407126
Long-only Tangency Portfolio,0.3871568155150998,0.0,0.5752647503192269,0.03757843416567319,0.0
