Portfolio,AAPL,GOOG,NVDA,MSFT,AMZN
Equal Weighted Portfolio,0.2,0.2,0.2,0.2,0.2
Long-only Global Minimum Variance Portfolio,0.30017461457045924,0.2633779010775492,0.0,0.35583016777195814,0.08061731658003343
Long-only Tangency Portfolio,0.38715714961510256,0.0,0.5752647106799229,0.03757813970497461,0.0
