Portfolio,AAPL,GOOG,NVDA,MSFT,AMZN
Equal Weighted Portfolio,0.2,0.2,0.2,0.2,0.2
Long-only Global Minimum Variance Portfolio,0.3001737430686608,0.2633780177908645,0.0,0.3558312074903289,0.08061703165014572
Long-only Tangency Portfolio,0.38715640736733864,0.0,0.5752644457586508,0.037579146874010635,0.0
