Portfolio,AAPL,GOOG,NVDA,MSFT,AMZN
Equal Weighted Portfolio,0.2,0.2,0.2,0.2,0.2
Long-only Global Minimum Variance Portfolio,0.30017355173380744,0.26337761331199083,0.0,0.35583146262602283,0.08061737232817888
Long-only Tangency Portfolio,0.3871562543794407,0.0,0.575264623175257,0.037579122445302524,0.0
