Portfolio,AAPL,GOOG,NVDA,MSFT,AMZN
Equal Weighted Portfolio,0.2,0.2,0.2,0.2,0.2
Long-only Global Minimum Variance Portfolio,0.3001745501384837,0.2633775909069736,0.0,0.3558302931542847,0.08061756580025786
Long-only Tangency Portfolio,0.3871579482415897,0.0,0.5752652223278526,0.037576829430557776,0.0
