Portfolio,AAPL,GOOG,NVDA,MSFT,AMZN
Equal Weighted Portfolio,0.2,0.2,0.2,0.2,0.2
Long-only Global Minimum Variance Portfolio,0.3001744346549885,0.2633776172043063,0.0,0.355830934209375,0.08061701393133026
Long-only Tangency Portfolio,0.38715755203785496,0.0,0.5752647323348705,0.037577715627274653,0.0
