Portfolio,AAPL,GOOG,NVDA,MSFT,AMZN
Equal Weighted Portfolio,0.2,0.2,0.2,0.2,0.2
Long-only Global Minimum Variance Portfolio,0.30017427437568855,0.2633786965095867,0.0,0.35582960171963973,0.08061742739508512
Long-only Tangency Portfolio,0.3871581532351659,0.0,0.5752655503781273,0.0375762963867067,0.0
