Portfolio,AAPL,GOOG,NVDA,MSFT,AMZN
Equal Weighted Portfolio,0.2,0.2,0.2,0.2,0.2
Long-only Global Minimum Variance Portfolio,0.3001741435819549,0.26337718723494447,0.0,0.35583161657801193,0.08061705260508877
Long-only Tangency Portfolio,0.38715679902163014,0.0,0.5752646935444293,0.037578507433940644,0.0
