Portfolio,AAPL,GOOG,NVDA,MSFT,AMZN
Equal Weighted Portfolio,0.2,0.2,0.2,0.2,0.2
Long-only Global Minimum Variance Portfolio,0.300174372558108,0.26337773059881014,0.0,0.3558307065229471,0.08061719032013476
Long-only Tangency Portfolio,0.38715758297012387,0.0,0.5752651401776214,0.037577276852254565,0.0
