Portfolio,AAPL,GOOG,NVDA,MSFT,AMZN
Equal Weighted Portfolio,0.2,0.2,0.2,0.2,0.2
Long-only Global Minimum Variance Portfolio,0.300174777783227,0.263378619591657,0.0,0.3558291025044206,0.08061750012069542
Long-only Tangency Portfolio,0.38715762984167684,0.0,0.5752654820459655,0.037576888112357765,0.0
