Portfolio,AAPL,GOOG,NVDA,MSFT,AMZN
Equal Weighted Portfolio,0.2,0.2,0.2,0.2,0.2
Long-only Global Minimum Variance Portfolio,0.3001746744451019,0.2633776311669249,0.0,0.3558307315009672,0.08061696288700593
Long-only Tangency Portfolio,0.3871572394222287,0.0,0.5752641924966603,0.03757856808111109,0.0
