Portfolio,AAPL,GOOG,NVDA,MSFT,AMZN
Equal Weighted Portfolio,0.2,0.2,0.2,0.2,0.2
Long-only Global Minimum Variance Portfolio,0.3001737374134782,0.26337768246436183,0.0,0.3558313591319183,0.08061722099024168
Long-only Tangency Portfolio,0.3871560395996191,0.0,0.5752647136504649,0.037579246749915994,0.0
