Portfolio,AAPL,GOOG,NVDA,MSFT,AMZN
Equal Weighted Portfolio,0.2,0.2,0.2,0.2,0.2
Long-only Global Minimum Variance Portfolio,0.3001734455981048,0.26337707776183816,0.0,0.35583248957194713,0.08061698706810996
Long-only Tangency Portfolio,0.38715577476845764,0.0,0.5752644659202037,0.03757975931133864,0.0
