Portfolio,AAPL,GOOG,NVDA,MSFT,AMZN
Equal Weighted Portfolio,0.2,0.2,0.2,0.2,0.2
Long-only Global Minimum Variance Portfolio,0.30017438153836645,0.2633781318490986,0.0,0.3558303524658317,0.08061713414670323
Long-only Tangency Portfolio,0.38715645005169264,0.0,0.575264405034147,0.037579144914160416,0.0
