Portfolio,AAPL,GOOG,NVDA,MSFT,AMZN
Equal Weighted Portfolio,0.2,0.2,0.2,0.2,0.2
Long-only Global Minimum Variance Portfolio,0.30017449723718015,0.26337676332064797,0.0,0.35583181666535335,0.0806169227768185
Long-only Tangency Portfolio,0.38715750612931465,0.0,0.5752646079489784,0.03757788592170708,0.0
