Portfolio,AAPL,GOOG,NVDA,MSFT,AMZN
Equal Weighted Portfolio,0.2,0.2,0.2,0.2,0.2
Long-only Global Minimum Variance Portfolio,0.30017418924543515,0.26337858347113646,0.0,0.3558296809774339,0.08061754630599442
Long-only Tangency Portfolio,0.38715766615886693,0.0,0.5752652816505434,0.03757705219058968,0.0
