Portfolio,AAPL,GOOG,NVDA,MSFT,AMZN
Equal Weighted Portfolio,0.2,0.2,0.2,0.2,0.2
Long-only Global Minimum Variance Portfolio,0.3001739505876026,0.2633779168228385,0.0,0.3558312087499119,0.08061692383964698
Long-only Tangency Portfolio,0.3871566708387362,0.0,0.5752647756801543,0.03757855348110948,0.0
