Portfolio,AAPL,GOOG,NVDA,MSFT,AMZN
Equal Weighted Portfolio,0.2,0.2,0.2,0.2,0.2
Long-only Global Minimum Variance Portfolio,0.3001738029926171,0.2633777186560497,0.0,0.35583164247917826,0.08061683587215493
Long-only Tangency Portfolio,0.38715690238161266,0.0,0.5752648673340791,0.037578230284308345,0.0
