Portfolio,Number of Backtest Observations,Actual VaR Breaches,Expected VaR Breaches,Breach Rate,Expected Breach Rate,Average Return on Breach Days,Worst Return,Average VaR,Average ES,Interpretation
Equal Weighted Portfolio,336,14,16.800000000000015,0.041666666666666664,0.050000000000000044,-0.03748313436218882,-0.06463200992855495,0.027049121872288785,0.03746167440217189,Reasonable
Long-only Global Minimum Variance Portfolio,336,17,16.800000000000015,0.050595238095238096,0.050000000000000044,-0.029930298370895204,-0.05372886069474003,0.02191364413988353,0.031756888319034005,Reasonable
Long-only Tangency Portfolio,336,15,16.800000000000015,0.044642857142857144,0.050000000000000044,-0.05033557071654426,-0.08611180452873583,0.0339301269246746,0.052055101657748605,Reasonable
