Portfolio,Number of Backtest Observations,Actual VaR Breaches,Expected VaR Breaches,Breach Rate,Expected Breach Rate,Average Return on Breach Days,Worst Return,Average VaR,Average ES,Interpretation
Equal Weighted Portfolio,339,14,16.950000000000014,0.04129793510324484,0.050000000000000044,-0.03748312821008515,-0.06463199976263448,0.026963675683746594,0.03733551479542015,Reasonable
Long-only Global Minimum Variance Portfolio,339,17,16.950000000000014,0.05014749262536873,0.050000000000000044,-0.029930301116129234,-0.05372895145086192,0.021852760239878036,0.03166547717562604,Reasonable
Long-only Tangency Portfolio,339,15,16.950000000000014,0.04424778761061947,0.050000000000000044,-0.050335614136319276,-0.086111977354695,0.033822694994436915,0.051847832877409177,Reasonable
