Portfolio,Number of Backtest Observations,Actual VaR Breaches,Expected VaR Breaches,Breach Rate,Expected Breach Rate,Average Return on Breach Days,Worst Return,Average VaR,Average ES,Interpretation
Equal Weighted Portfolio,335,14,16.750000000000014,0.041791044776119404,0.050000000000000044,-0.03748313286358412,-0.06463199078388271,0.027077933362459644,0.03750422329112643,Reasonable
Long-only Global Minimum Variance Portfolio,335,17,16.750000000000014,0.050746268656716415,0.050000000000000044,-0.029930302268861887,-0.05372882519284255,0.021933638115406384,0.031787221960389064,Reasonable
Long-only Tangency Portfolio,335,15,16.750000000000014,0.04477611940298507,0.050000000000000044,-0.05033557390576019,-0.08611189082523882,0.033966366992542164,0.05212502220353061,Reasonable
