Portfolio,Number of Backtest Observations,Actual VaR Breaches,Expected VaR Breaches,Breach Rate,Expected Breach Rate,Average Return on Breach Days,Worst Return,Average VaR,Average ES,Interpretation
Equal Weighted Portfolio,336,14,16.800000000000015,0.041666666666666664,0.050000000000000044,-0.03748313474648245,-0.06463199623853451,0.02704911043497051,0.03746167838747693,Reasonable
Long-only Global Minimum Variance Portfolio,336,17,16.800000000000015,0.050595238095238096,0.050000000000000044,-0.029930306231192336,-0.05372888809893157,0.021913625957766674,0.03175689727029539,Reasonable
Long-only Tangency Portfolio,336,15,16.800000000000015,0.044642857142857144,0.050000000000000044,-0.05033555575428427,-0.08611174494276005,0.03393011281246034,0.0520550787869547,Reasonable
