Portfolio,Number of Backtest Observations,Actual VaR Breaches,Expected VaR Breaches,Breach Rate,Expected Breach Rate,Average Return on Breach Days,Worst Return,Average VaR,Average ES,Interpretation
Equal Weighted Portfolio,335,14,16.750000000000014,0.041791044776119404,0.050000000000000044,-0.037483134948193865,-0.0646319805246317,0.027077939273532765,0.03750423732237397,Reasonable
Long-only Global Minimum Variance Portfolio,335,17,16.750000000000014,0.050746268656716415,0.050000000000000044,-0.029930297118126434,-0.05372885911669655,0.021933655141083475,0.03178723473273013,Reasonable
Long-only Tangency Portfolio,335,15,16.750000000000014,0.04477611940298507,0.050000000000000044,-0.0503355608663828,-0.08611184716491542,0.03396633393632269,0.05212501330752144,Reasonable
