Portfolio,Number of Backtest Observations,Actual VaR Breaches,Expected VaR Breaches,Breach Rate,Expected Breach Rate,Average Return on Breach Days,Worst Return,Average VaR,Average ES,Interpretation
Equal Weighted Portfolio,341,14,17.050000000000015,0.04105571847507331,0.050000000000000044,-0.03748314125861485,-0.06463199648447156,0.02690754865445747,0.03725265695092275,Reasonable
Long-only Global Minimum Variance Portfolio,341,17,17.050000000000015,0.04985337243401759,0.050000000000000044,-0.029930313364490074,-0.053728903897739724,0.021810759909875785,0.031603477996719795,Reasonable
Long-only Tangency Portfolio,341,15,17.050000000000015,0.04398826979472141,0.050000000000000044,-0.05033562616640974,-0.08611190167373023,0.03375214103356354,0.05171167130480847,Reasonable
