Portfolio,Number of Backtest Observations,Actual VaR Breaches,Expected VaR Breaches,Breach Rate,Expected Breach Rate,Average Return on Breach Days,Worst Return,Average VaR,Average ES,Interpretation
Equal Weighted Portfolio,335,14,16.750000000000014,0.041791044776119404,0.050000000000000044,-0.03748313604545748,-0.06463199623853452,0.02707794403830363,0.037504227339514605,Reasonable
Long-only Global Minimum Variance Portfolio,335,17,16.750000000000014,0.050746268656716415,0.050000000000000044,-0.02993030436037829,-0.053728907241724466,0.02193368689830011,0.03178722563915966,Reasonable
Long-only Tangency Portfolio,335,15,16.750000000000014,0.04477611940298507,0.050000000000000044,-0.05033563670922427,-0.08611198732886402,0.033966411252844546,0.05212508779132955,Reasonable
