Portfolio,Number of Backtest Observations,Actual VaR Breaches,Expected VaR Breaches,Breach Rate,Expected Breach Rate,Average Return on Breach Days,Worst Return,Average VaR,Average ES,Interpretation
Equal Weighted Portfolio,335,14,16.750000000000014,0.041791044776119404,0.050000000000000044,-0.037483130060758096,-0.06463199548255827,0.027077935357330805,0.037504223609401824,Reasonable
Long-only Global Minimum Variance Portfolio,335,17,16.750000000000014,0.050746268656716415,0.050000000000000044,-0.029930299914548326,-0.05372891059023671,0.021933653735101793,0.03178722539125168,Reasonable
Long-only Tangency Portfolio,335,15,16.750000000000014,0.04477611940298507,0.050000000000000044,-0.05033557404169968,-0.08611185066912155,0.03396635421704017,0.0521250191704689,Reasonable
