Portfolio,Number of Backtest Observations,Actual VaR Breaches,Expected VaR Breaches,Breach Rate,Expected Breach Rate,Average Return on Breach Days,Worst Return,Average VaR,Average ES,Interpretation
Equal Weighted Portfolio,336,14,16.800000000000015,0.041666666666666664,0.050000000000000044,-0.03748312838510532,-0.06463197696176234,0.027049115789206685,0.03746166978105542,Reasonable
Long-only Global Minimum Variance Portfolio,336,17,16.800000000000015,0.050595238095238096,0.050000000000000044,-0.029930296266701437,-0.053728858532970505,0.021913638249552142,0.03175688127289468,Reasonable
Long-only Tangency Portfolio,336,15,16.800000000000015,0.044642857142857144,0.050000000000000044,-0.05033559790221815,-0.0861118453540774,0.03393013778548282,0.05205512048663548,Reasonable
