Portfolio,Number of Backtest Observations,Actual VaR Breaches,Expected VaR Breaches,Breach Rate,Expected Breach Rate,Average Return on Breach Days,Worst Return,Average VaR,Average ES,Interpretation
Equal Weighted Portfolio,339,14,16.950000000000014,0.04129793510324484,0.050000000000000044,-0.03748314035044327,-0.06463201485164718,0.026963677301866863,0.03733552480837312,Reasonable
Long-only Global Minimum Variance Portfolio,339,17,16.950000000000014,0.05014749262536873,0.050000000000000044,-0.0299303109300564,-0.05372891533829694,0.02185275539879432,0.03166548672690367,Reasonable
Long-only Tangency Portfolio,339,15,16.950000000000014,0.04424778761061947,0.050000000000000044,-0.050335607035180883,-0.0861119654757915,0.0338226936756967,0.051847829207508994,Reasonable
