Portfolio,Number of Backtest Observations,Actual VaR Breaches,Expected VaR Breaches,Breach Rate,Expected Breach Rate,Average Return on Breach Days,Worst Return,Average VaR,Average ES,Interpretation
Equal Weighted Portfolio,337,14,16.850000000000016,0.04154302670623145,0.050000000000000044,-0.03748313781575156,-0.06463201346526745,0.02702046862837132,0.03741937217762117,Reasonable
Long-only Global Minimum Variance Portfolio,337,17,16.850000000000016,0.050445103857566766,0.050000000000000044,-0.029930298629862066,-0.053728885576885974,0.021893711079405843,0.03172673222879234,Reasonable
Long-only Tangency Portfolio,337,15,16.850000000000016,0.04451038575667656,0.050000000000000044,-0.05033557748174884,-0.08611177459701665,0.03389410405649824,0.05198558604667747,Reasonable
