Portfolio,Number of Backtest Observations,Actual VaR Breaches,Expected VaR Breaches,Breach Rate,Expected Breach Rate,Average Return on Breach Days,Worst Return,Average VaR,Average ES,Interpretation
Equal Weighted Portfolio,336,14,16.800000000000015,0.041666666666666664,0.050000000000000044,-0.03748313310990558,-0.06463197696176236,0.027049110990219307,0.03746167714812827,Reasonable
Long-only Global Minimum Variance Portfolio,336,17,16.800000000000015,0.050595238095238096,0.050000000000000044,-0.029930296841276474,-0.05372881225271273,0.021913620913260483,0.03175688994434539,Reasonable
Long-only Tangency Portfolio,336,15,16.800000000000015,0.044642857142857144,0.050000000000000044,-0.0503355649522883,-0.08611188790389637,0.0339301159010514,0.05205508835022197,Reasonable
