Portfolio,Number of Backtest Observations,Actual VaR Breaches,Expected VaR Breaches,Breach Rate,Expected Breach Rate,Average Return on Breach Days,Worst Return,Average VaR,Average ES,Interpretation
Equal Weighted Portfolio,336,14,16.800000000000015,0.041666666666666664,0.050000000000000044,-0.03748312849415464,-0.06463201475932856,0.027049114574621908,0.03746167093411591,Reasonable
Long-only Global Minimum Variance Portfolio,336,17,16.800000000000015,0.050595238095238096,0.050000000000000044,-0.0299302867615821,-0.05372884547044875,0.021913617848163428,0.03175687588009065,Reasonable
Long-only Tangency Portfolio,336,15,16.800000000000015,0.044642857142857144,0.050000000000000044,-0.05033557605654417,-0.08611185997974943,0.033930130925572316,0.0520551084906429,Reasonable
