Portfolio,Number of Backtest Observations,Actual VaR Breaches,Expected VaR Breaches,Breach Rate,Expected Breach Rate,Average Return on Breach Days,Worst Return,Average VaR,Average ES,Interpretation
Equal Weighted Portfolio,336,14,16.800000000000015,0.041666666666666664,0.050000000000000044,-0.037483128517766515,-0.06463203870859932,0.027049122535199473,0.03746166873671227,Reasonable
Long-only Global Minimum Variance Portfolio,336,17,16.800000000000015,0.050595238095238096,0.050000000000000044,-0.029930290779164603,-0.053728882080615006,0.021913614604410162,0.03175688088848251,Reasonable
Long-only Tangency Portfolio,336,15,16.800000000000015,0.044642857142857144,0.050000000000000044,-0.050335557473460905,-0.08611187751480226,0.033930103168721665,0.05205507985226397,Reasonable
