Portfolio,Number of Backtest Observations,Actual VaR Breaches,Expected VaR Breaches,Breach Rate,Expected Breach Rate,Average Return on Breach Days,Worst Return,Average VaR,Average ES,Interpretation
Equal Weighted Portfolio,335,14,16.750000000000014,0.041791044776119404,0.050000000000000044,-0.03748313099509908,-0.06463199078388271,0.0270779373769699,0.03750422828191531,Reasonable
Long-only Global Minimum Variance Portfolio,335,17,16.750000000000014,0.050746268656716415,0.050000000000000044,-0.029930285945000214,-0.05372877111112555,0.021933641865326516,0.03178721140301303,Reasonable
Long-only Tangency Portfolio,335,15,16.750000000000014,0.04477611940298507,0.050000000000000044,-0.05033555735725656,-0.08611194165168527,0.033966350146085504,0.05212500854340088,Reasonable
