Portfolio,Number of Backtest Observations,Actual VaR Breaches,Expected VaR Breaches,Breach Rate,Expected Breach Rate,Average Return on Breach Days,Worst Return,Average VaR,Average ES,Interpretation
Equal Weighted Portfolio,342,14,17.100000000000016,0.04093567251461988,0.050000000000000044,-0.03748313025553157,-0.06463200801061567,0.026879744535433927,0.037211582762379285,Reasonable
Long-only Global Minimum Variance Portfolio,342,17,17.100000000000016,0.049707602339181284,0.050000000000000044,-0.029930306004984364,-0.053728919275095426,0.021789951929611744,0.031572732201747035,Reasonable
Long-only Tangency Portfolio,342,15,17.100000000000016,0.043859649122807015,0.050000000000000044,-0.05033560682347849,-0.08611191930362984,0.033717160580668835,0.05164416712972744,Reasonable
