Portfolio,Number of Backtest Observations,Actual VaR Breaches,Expected VaR Breaches,Breach Rate,Expected Breach Rate,Average Return on Breach Days,Worst Return,Average VaR,Average ES,Interpretation
Equal Weighted Portfolio,337,14,16.850000000000016,0.04154302670623145,0.050000000000000044,-0.037483131538373946,-0.06463199826241435,0.027020473808610047,0.03741937124315333,Reasonable
Long-only Global Minimum Variance Portfolio,337,17,16.850000000000016,0.050445103857566766,0.050000000000000044,-0.029930303175203874,-0.053728869903215834,0.021893726898842433,0.03172673192879215,Reasonable
Long-only Tangency Portfolio,337,15,16.850000000000016,0.04451038575667656,0.050000000000000044,-0.050335559954731185,-0.08611185434151729,0.03389409256663713,0.05198557919969566,Reasonable
