Portfolio,Number of Backtest Observations,Actual VaR Breaches,Expected VaR Breaches,Breach Rate,Expected Breach Rate,Average Return on Breach Days,Worst Return,Average VaR,Average ES,Interpretation
Equal Weighted Portfolio,340,14,17.000000000000014,0.041176470588235294,0.050000000000000044,-0.03748313786714601,-0.06463198732689288,0.026935533884717228,0.03729396956447333,Reasonable
Long-only Global Minimum Variance Portfolio,340,17,17.000000000000014,0.05,0.050000000000000044,-0.029930301694787602,-0.053728831143081995,0.021831682195422458,0.031634384426552475,Reasonable
Long-only Tangency Portfolio,340,15,17.000000000000014,0.04411764705882353,0.050000000000000044,-0.05033557437903944,-0.0861118524139506,0.03378728603555318,0.051779508639666925,Reasonable
