Portfolio,Number of Backtest Observations,Actual VaR Breaches,Expected VaR Breaches,Breach Rate,Expected Breach Rate,Average Return on Breach Days,Worst Return,Average VaR,Average ES,Interpretation
Equal Weighted Portfolio,341,14,17.050000000000015,0.04105571847507331,0.050000000000000044,-0.037483130857343984,-0.06463201397618452,0.026907541113975385,0.037252648976789156,Reasonable
Long-only Global Minimum Variance Portfolio,341,17,17.050000000000015,0.04985337243401759,0.050000000000000044,-0.029930294498574088,-0.05372890151570296,0.021810733494570404,0.03160345626947842,Reasonable
Long-only Tangency Portfolio,341,15,17.050000000000015,0.04398826979472141,0.050000000000000044,-0.05033557650218838,-0.0861118148871704,0.033752090251669295,0.05171162266175093,Reasonable
