Asset,Excess Kurtosis
S&P 500,16.838569285867944
AAPL,6.783261184786666
AMZN,5.0914026802435535
GOOG,4.738493698517212
MSFT,8.118299014450027
NVDA,6.624087023226042
