Portfolio,CAGR,Annualized Volatility,Annualized Sharpe Ratio,"Historical VaR (95%, Daily)","Historical ES (95%, Daily)",Beta vs S&P 500
Equal Weighted Portfolio,0.37377388444197646,0.27545798234284363,1.2104746381988287,0.028449764935875844,0.04041968106818693,1.3042397267970238
Global Minimum Variance Portfolio,0.28118790937094595,0.24589309116309221,1.04050696432205,0.023848830125642925,0.03578137942362661,1.1775636483656264
Tangency Portfolio,0.5576695003242951,0.3630201586404758,1.3415078999604237,0.035067746356488017,0.05123385826363053,1.5416141052560395
