Portfolio,CAGR,Annualized Volatility,Annualized Sharpe Ratio,"Historical VaR (95%, Daily)","Historical ES (95%, Daily)",Beta vs S&P 500
Equal Weighted Portfolio,0.373773880150464,0.27545801612890264,1.2104745127547587,0.02844974935220055,0.0404196907839518,1.3042399535324571
Global Minimum Variance Portfolio,0.2811879043694008,0.24589312784314943,1.0405068310861407,0.023848844879831,0.03578138627281934,1.1775638774744388
Tangency Portfolio,0.5576694901785046,0.3630202187313473,1.3415077215503641,0.03506785718670657,0.051233871202092426,1.5416144436388295
