Portfolio,CAGR,Annualized Volatility,Annualized Sharpe Ratio,"Historical VaR (95%, Daily)","Historical ES (95%, Daily)",Beta vs S&P 500
Equal Weighted Portfolio,0.3737738577393712,0.2754579789014501,1.2104745790936366,0.02844975399045303,0.040419682538581386,1.3042398603985128
Global Minimum Variance Portfolio,0.2811878720955203,0.24589310940328227,1.0405067871977827,0.023848768352192868,0.0357813768524933,1.1775638807707594
Tangency Portfolio,0.5576696989613936,0.36302029741905434,1.3415078758861907,0.035067790129938194,0.05123387631289973,1.5416145194637514
