Portfolio,CAGR,Annualized Volatility,Annualized Sharpe Ratio,"Historical VaR (95%, Daily)","Historical ES (95%, Daily)",Beta vs S&P 500
Equal Weighted Portfolio,0.3737738824064012,0.2754579585248358,1.21047471492111,0.02844973688369406,0.040419690008993876,1.3042397068233909
Global Minimum Variance Portfolio,0.2811878901532183,0.24589307060254761,1.0405069712961383,0.023848877758040527,0.03578138511831873,1.17756363780569
Tangency Portfolio,0.5576695511874934,0.363020163886879,1.3415079794754885,0.03506763405172597,0.051233876128802994,1.5416141558726042
