Portfolio,CAGR,Annualized Volatility,Annualized Sharpe Ratio,"Historical VaR (95%, Daily)","Historical ES (95%, Daily)",Beta vs S&P 500
Equal Weighted Portfolio,0.3737738785242848,0.27545797739867944,1.210474639462051,0.028449752444573196,0.04041968574492962,1.3042397044850413
Global Minimum Variance Portfolio,0.28118791863486114,0.245893063357068,1.0405070840596828,0.023848712908958777,0.035781371707427415,1.1775635055476519
Tangency Portfolio,0.5576693765786689,0.36302011760520075,1.341507792731647,0.03506768355269547,0.05123385754875482,1.541614102331103
