Portfolio,CAGR,Annualized Volatility,Annualized Sharpe Ratio,"Historical VaR (95%, Daily)","Historical ES (95%, Daily)",Beta vs S&P 500
Equal Weighted Portfolio,0.37377386513187316,0.2754580084271497,1.21047450006609,0.028449799952144195,0.040419695794436564,1.304239907950172
Global Minimum Variance Portfolio,0.28118787131785594,0.2458931297728063,1.0405067198874347,0.023848811091597956,0.035781388528296924,1.1775638426947748
Tangency Portfolio,0.5576695762055242,0.36302025065170485,1.3415077896940166,0.03506780128284716,0.0512338817914239,1.5416144707961397
