Portfolio,CAGR,Annualized Volatility,Annualized Sharpe Ratio,"Historical VaR (95%, Daily)","Historical ES (95%, Daily)",Beta vs S&P 500
Equal Weighted Portfolio,0.3737738745901076,0.27545803888736675,1.2104744208161282,0.02844979346683495,0.04041969311560917,1.3042400006636161
Global Minimum Variance Portfolio,0.28118793712887946,0.2458931698203454,1.0405067994394714,0.023848790528774318,0.03578138681890768,1.1775640449023888
Tangency Portfolio,0.5576695046027569,0.3630202378176451,1.341507696567655,0.03506780664221272,0.051233874598246305,1.5416143867691448
