Portfolio,CAGR,Annualized Volatility,Annualized Sharpe Ratio,"Historical VaR (95%, Daily)","Historical ES (95%, Daily)",Beta vs S&P 500
Equal Weighted Portfolio,0.37377387490282876,0.2754579636943092,1.2104746772861592,0.028449708222359607,0.04041968818167509,1.3042396692006029
Global Minimum Variance Portfolio,0.2811878818629461,0.24589305384174248,1.0405069983439592,0.023848787049066136,0.03578138548043417,1.177563440696272
Tangency Portfolio,0.5576695248862744,0.36302015924930875,1.3415079453676684,0.03506761797819439,0.0512338676538747,1.541614267219481
