Portfolio,CAGR,Annualized Volatility,Annualized Sharpe Ratio,"Historical VaR (95%, Daily)","Historical ES (95%, Daily)",Beta vs S&P 500
Equal Weighted Portfolio,0.37377385951743824,0.275457977154465,1.210474589864089,0.02844979112492062,0.04041968321129522,1.3042396525524154
Global Minimum Variance Portfolio,0.28118788684453055,0.24589307872172358,1.0405069336229327,0.02384883734042439,0.03578137906985709,1.1775634805738768
Tangency Portfolio,0.5576695000173559,0.3630201753640525,1.341507854231856,0.03506785166640034,0.05123385790188708,1.541614165502158
