Portfolio,CAGR,Annualized Volatility,Annualized Sharpe Ratio,"Historical VaR (95%, Daily)","Historical ES (95%, Daily)",Beta vs S&P 500
Equal Weighted Portfolio,0.37377386692795556,0.275458022393461,1.2104744558624252,0.02844984166720401,0.04041969313444186,1.304240005462834
Global Minimum Variance Portfolio,0.28118790053582265,0.24589315651179297,1.040506724579383,0.023848811127736135,0.0357813878226163,1.1775640154815323
Tangency Portfolio,0.5576695016131246,0.36302021666761525,1.3415077454050723,0.035067563797147136,0.051233869429032686,1.541614441610584
