Portfolio,CAGR,Annualized Volatility,Annualized Sharpe Ratio,"Historical VaR (95%, Daily)","Historical ES (95%, Daily)",Beta vs S&P 500
Equal Weighted Portfolio,0.3737738811032194,0.275457964282924,1.2104746915552214,0.028449831398202542,0.04041968117316315,1.304239664424806
Global Minimum Variance Portfolio,0.28118788755209123,0.24589309027367795,1.0405068999287264,0.023848792174091315,0.0357813781358706,1.177563621715594
Tangency Portfolio,0.5576695087297399,0.36302014066419,1.3415079629341473,0.03506772129997808,0.05123385537866123,1.541613992096752
