Portfolio,CAGR,Annualized Volatility,Annualized Sharpe Ratio,"Historical VaR (95%, Daily)","Historical ES (95%, Daily)",Beta vs S&P 500
Equal Weighted Portfolio,0.3737738621641147,0.2754580483852997,1.2104743547441394,0.028449860404903608,0.04041969396942406,1.3042400782142933
Global Minimum Variance Portfolio,0.28118789092168206,0.24589318373586797,1.0405066069860016,0.023848800892953596,0.03578139199520059,1.177564121563937
Tangency Portfolio,0.5576696049195937,0.36302030127456225,1.3415076991965753,0.03506765211596494,0.05123388198341809,1.5416146375739832
