Portfolio,CAGR,Annualized Volatility,Annualized Sharpe Ratio,"Historical VaR (95%, Daily)","Historical ES (95%, Daily)",Beta vs S&P 500
Equal Weighted Portfolio,0.37377387622066616,0.27545800130344356,1.210474552903754,0.0284497547013722,0.040419694659701466,1.3042400031538703
Global Minimum Variance Portfolio,0.2811878797256724,0.24589308805754223,1.04050688200695,0.02384870633471695,0.035781391677630545,1.1775638167347757
Tangency Portfolio,0.5576695025639027,0.36302026739454735,1.3415076104816932,0.03506765020358584,0.05123387327883854,1.5416147559528297
