Portfolio,CAGR,Annualized Volatility,Annualized Sharpe Ratio,"Historical VaR (95%, Daily)","Historical ES (95%, Daily)",Beta vs S&P 500
Equal Weighted Portfolio,0.3737738920933118,0.27545801543510223,1.2104745461992186,0.02844974384247907,0.04041969186036497,1.3042400335007527
Global Minimum Variance Portfolio,0.2811878834228889,0.24589311851975518,1.0405067931206964,0.023848743425413536,0.03578138405044206,1.1775638486480435
Tangency Portfolio,0.5576694873143324,0.36302024869239696,1.3415076339848306,0.03506778981901653,0.05123387767582351,1.54161472891214
