Portfolio,CAGR,Annualized Volatility,Annualized Sharpe Ratio,"Historical VaR (95%, Daily)","Historical ES (95%, Daily)",Beta vs S&P 500
Equal Weighted Portfolio,0.3737738797472887,0.2754579865118399,1.2104746128121153,0.028449771711640193,0.04041968921060906,1.3042398598301037
Global Minimum Variance Portfolio,0.2811879144245244,0.2458931064852254,1.0405069318097,0.023848744169459275,0.03578138344863851,1.1775638809371218
Tangency Portfolio,0.557669487611884,0.3630201643128873,1.3415078658335515,0.03506766429118665,0.0512338661465508,1.541614156239087
