Portfolio,CAGR,Annualized Volatility,Annualized Sharpe Ratio,"Historical VaR (95%, Daily)","Historical ES (95%, Daily)",Beta vs S&P 500
Equal Weighted Portfolio,0.3737738666717296,0.2754579548491344,1.2104746838609046,0.02844974330215575,0.04041968148283502,1.3042396342164881
Global Minimum Variance Portfolio,0.281187848695045,0.24589305803017947,1.0405068785636131,0.023848825992359688,0.035781372435777,1.1775635426055777
Tangency Portfolio,0.5576695498122508,0.3630202029099336,1.3415078686459352,0.03506774428378781,0.05123387938428572,1.5416141136971357
