Portfolio,CAGR,Annualized Volatility,Annualized Sharpe Ratio,"Historical VaR (95%, Daily)","Historical ES (95%, Daily)",Beta vs S&P 500
Equal Weighted Portfolio,0.3737738958671015,0.2754579857813325,1.2104746577705423,0.028449805941208016,0.04041968299282978,1.3042398822305543
Global Minimum Variance Portfolio,0.28118793421541266,0.2458931012767536,1.040507012161291,0.02384886608925302,0.03578137342262472,1.1775638801176553
Tangency Portfolio,0.5576694466731824,0.3630201609754077,1.3415077998372207,0.03506777949978459,0.05123386333043094,1.5416141611871155
