Portfolio,CAGR,Annualized Volatility,Annualized Sharpe Ratio,"Historical VaR (95%, Daily)","Historical ES (95%, Daily)",Beta vs S&P 500
Equal Weighted Portfolio,0.37377387793973527,0.27545800544500065,1.2104745425945465,0.028449806299084893,0.0404196851233207,1.3042399130732418
Global Minimum Variance Portfolio,0.28118792017908145,0.24589315316860902,1.040506798678253,0.02384879927752232,0.03578137767113798,1.1775639933444992
Tangency Portfolio,0.5576696115281037,0.3630201969592837,1.3415079943200021,0.03506768458500761,0.05123386306965632,1.5416143223842018
