Portfolio,CAGR,Annualized Volatility,Annualized Sharpe Ratio,"Historical VaR (95%, Daily)","Historical ES (95%, Daily)",Beta vs S&P 500
Equal Weighted Portfolio,0.37377387980363563,0.2754580200506881,1.2104744975588164,0.028449715869012227,0.040419686446143424,1.30423992950695
Global Minimum Variance Portfolio,0.281187903189311,0.24589314555341532,1.0405067685735347,0.023848751730907933,0.035781380290716404,1.1775639804818092
Tangency Portfolio,0.5576695578395985,0.36302023438948117,1.3415077991274962,0.03506773073916267,0.051233869064848434,1.5416142932154195
