Asset,Jarque-Bera Statistic,P-Value
S&P 500,29737.03073467063,0.0
AAPL,4793.53300954422,0.0
AMZN,2699.6571678995715,0.0
GOOG,2343.223333952452,0.0
MSFT,6887.318536761708,0.0
NVDA,4573.036880067288,0.0
