Asset,Jarque-Bera Statistic,P-Value
S&P 500,29737.03073467063,0.0
AAPL,4793.526121794832,0.0
AMZN,2699.6571678995715,0.0
GOOG,2343.2206805351298,0.0
MSFT,6887.342418738123,0.0
NVDA,4573.065586958552,0.0
