Asset,Jarque-Bera Statistic,P-Value
S&P 500,29737.03073467063,0.0
AAPL,4793.511580977351,0.0
AMZN,2699.6571678995715,0.0
GOOG,2343.2168791962445,0.0
MSFT,6887.271774920371,0.0
NVDA,4573.051134306846,0.0
