Asset,Jarque-Bera Statistic,P-Value
S&P 500,29737.03073467063,0.0
AAPL,4787.858371523237,0.0
AMZN,2709.8218342329487,0.0
GOOG,2339.8852184163306,0.0
MSFT,6913.917459523865,0.0
NVDA,4565.934222673238,0.0
