Asset,Jarque-Bera Statistic,P-Value
S&P 500,29737.03073467063,0.0
AAPL,4793.5312357570065,0.0
AMZN,2699.6571678995715,0.0
GOOG,2343.2212708231827,0.0
MSFT,6887.351879641243,0.0
NVDA,4573.060823084018,0.0
