Asset,Jarque-Bera Statistic,P-Value
S&P 500,29737.03073467063,0.0
AAPL,4793.511608578682,0.0
AMZN,2699.6571678995715,0.0
GOOG,2343.2273754540174,0.0
MSFT,6887.306236949961,0.0
NVDA,4573.050391112745,0.0
