Asset,Jarque-Bera Statistic,P-Value
S&P 500,29737.03073467063,0.0
AAPL,4793.488160454121,0.0
AMZN,2699.6571678995715,0.0
GOOG,2343.2236825201417,0.0
MSFT,6887.324376702294,0.0
NVDA,4573.052177815107,0.0
