Asset,Jarque-Bera Statistic,P-Value
S&P 500,29737.03073467063,0.0
AAPL,4793.5163113671215,0.0
AMZN,2699.6571678995715,0.0
GOOG,2343.226779643591,0.0
MSFT,6887.3121124142945,0.0
NVDA,4573.045027774147,0.0
