Asset,Jarque-Bera Statistic,P-Value
S&P 500,29737.03073467063,0.0
AAPL,4793.510866173229,0.0
AMZN,2699.6571678995715,0.0
GOOG,2343.223302329601,0.0
MSFT,6887.3442626108745,0.0
NVDA,4573.044848464752,0.0
