Asset,Jarque-Bera Statistic,P-Value
S&P 500,29737.03073467063,0.0
AAPL,4793.5134082828845,0.0
AMZN,2699.6571678995715,0.0
GOOG,2343.2234908319324,0.0
MSFT,6887.40248508051,0.0
NVDA,4573.054204619681,0.0
