Asset,Jarque-Bera Statistic,P-Value
S&P 500,29737.03073467063,0.0
AAPL,4793.536767196651,0.0
AMZN,2699.6571678995715,0.0
GOOG,2343.2171649547904,0.0
MSFT,6887.333805867783,0.0
NVDA,4573.042311067176,0.0
