Asset,Jarque-Bera Statistic,P-Value
S&P 500,29737.03073467063,0.0
AAPL,4793.517016427635,0.0
AMZN,2699.6571678995715,0.0
GOOG,2343.2185435892475,0.0
MSFT,6887.329453700509,0.0
NVDA,4573.039605711201,0.0
