Asset,Jarque-Bera Statistic,P-Value
S&P 500,29737.03073467063,0.0
AAPL,4793.510221409764,0.0
AMZN,2699.6571678995715,0.0
GOOG,2343.2283605746306,0.0
MSFT,6887.266375945039,0.0
NVDA,4573.062662014057,0.0
