Asset,Jarque-Bera Statistic,P-Value
S&P 500,29737.03073467063,0.0
AAPL,4793.534520154212,0.0
AMZN,2699.6571678995715,0.0
GOOG,2343.225733532178,0.0
MSFT,6887.297668058546,0.0
NVDA,4573.063977229631,0.0
