Asset,Jarque-Bera Statistic,P-Value
S&P 500,29737.03073467063,0.0
AAPL,4793.5168407127685,0.0
AMZN,2699.6571678995715,0.0
GOOG,2343.2139346730687,0.0
MSFT,6887.387070359424,0.0
NVDA,4573.062981275504,0.0
