Asset,Jarque-Bera Statistic,P-Value
S&P 500,29737.03073467063,0.0
AAPL,4793.517654103861,0.0
AMZN,2699.6571678995715,0.0
GOOG,2343.2270857115936,0.0
MSFT,6887.306208714543,0.0
NVDA,4573.042559060916,0.0
