Asset,Jarque-Bera Statistic,P-Value
S&P 500,29737.03073467063,0.0
AAPL,4793.511330175869,0.0
AMZN,2699.6571678995715,0.0
GOOG,2343.221309782051,0.0
MSFT,6887.380755258756,0.0
NVDA,4573.054583537725,0.0
