Asset,Jarque-Bera Statistic,P-Value
S&P 500,29737.03073467063,0.0
AAPL,4793.503295388266,0.0
AMZN,2699.6571678995715,0.0
GOOG,2343.218316512591,0.0
MSFT,6887.389591657312,0.0
NVDA,4573.0493135877905,0.0
