Asset,Jarque-Bera Statistic,P-Value
S&P 500,29737.03073467063,0.0
AAPL,4793.50724313985,0.0
AMZN,2699.6571678995715,0.0
GOOG,2343.2272223025057,0.0
MSFT,6887.326253523537,0.0
NVDA,4573.066250265374,0.0
