Asset,Excess Kurtosis
S&P 500,16.838569285867944
AAPL,6.783265059192941
AMZN,5.0914026802435535
GOOG,4.73849610156697
MSFT,8.118288591785078
NVDA,6.62408016447353
