Asset,Excess Kurtosis
S&P 500,16.838569285867944
AAPL,6.783244186201181
AMZN,5.0914026802435535
GOOG,4.738492697489362
MSFT,8.118299354925174
NVDA,6.6240870981024935
