Asset,Excess Kurtosis
S&P 500,16.838569285867944
AAPL,6.783264593679832
AMZN,5.0914026802435535
GOOG,4.738487361873332
MSFT,8.118302356028465
NVDA,6.624078031857267
