Asset,Excess Kurtosis
S&P 500,16.838569285867944
AAPL,6.783276987414252
AMZN,5.0914026802435535
GOOG,4.738494703353224
MSFT,8.118283562905326
NVDA,6.624095640159513
