Asset,Excess Kurtosis
S&P 500,16.838569285867944
AAPL,6.7832608064928275
AMZN,5.0914026802435535
GOOG,4.7384857560016895
MSFT,8.11826817612058
NVDA,6.624086317213984
