Asset,Excess Kurtosis
S&P 500,16.838569285867944
AAPL,6.78325756107344
AMZN,5.0914026802435535
GOOG,4.738496141556195
MSFT,8.118300350272495
NVDA,6.624097287810483
