Asset,Excess Kurtosis
S&P 500,16.838569285867944
AAPL,6.783260547578293
AMZN,5.0914026802435535
GOOG,4.738490212160362
MSFT,8.11833254544958
NVDA,6.624088862142236
