Asset,Excess Kurtosis
S&P 500,16.838569285867944
AAPL,6.775176355538541
AMZN,5.097875010404442
GOOG,4.7322257229476445
MSFT,8.129132181501339
NVDA,6.614934556817792
