Asset,Excess Kurtosis
S&P 500,16.838569285867944
AAPL,6.783264433449108
AMZN,5.0914026802435535
GOOG,4.738482747386596
MSFT,8.118336164217954
NVDA,6.624094884574316
