Asset,Excess Kurtosis
S&P 500,16.838569285867944
AAPL,6.783260687063801
AMZN,5.0914026802435535
GOOG,4.73849627811496
MSFT,8.118288730803705
NVDA,6.624085880044125
