Asset,Excess Kurtosis
S&P 500,16.838569285867944
AAPL,6.783262025153346
AMZN,5.0914026802435535
GOOG,4.738492525206779
MSFT,8.118345482053108
NVDA,6.62408858832926
