Asset,Excess Kurtosis
S&P 500,16.838569285867944
AAPL,6.783264111784821
AMZN,5.0914026802435535
GOOG,4.738495753573797
MSFT,8.11829220660335
NVDA,6.624081954551241
