Asset,Excess Kurtosis
S&P 500,16.838569285867944
AAPL,6.78327465671799
AMZN,5.0914026802435535
GOOG,4.738490175661781
MSFT,8.118315582609771
NVDA,6.624093327207324
