Asset,Excess Kurtosis
S&P 500,16.838569285867944
AAPL,6.783259831345405
AMZN,5.0914026802435535
GOOG,4.738497359747658
MSFT,8.118264840602496
NVDA,6.624094811266345
