Asset,Excess Kurtosis
S&P 500,16.838569285867944
AAPL,6.783278543095812
AMZN,5.0914026802435535
GOOG,4.738486059295249
MSFT,8.118304998626812
NVDA,6.624079959683439
