Asset,Excess Kurtosis
S&P 500,16.838569285867944
AAPL,6.783271070308934
AMZN,5.0914026802435535
GOOG,4.738489598105911
MSFT,8.118309902009454
NVDA,6.624096838003356
