Asset,Excess Kurtosis
S&P 500,16.838569285867944
AAPL,6.783275837468213
AMZN,5.0914026802435535
GOOG,4.738492274187824
MSFT,8.118295972862025
NVDA,6.624076068228622
