Asset,Excess Kurtosis
S&P 500,16.838569285867944
AAPL,6.783263035435968
AMZN,5.0914026802435535
GOOG,4.738496315393174
MSFT,8.118339380613655
NVDA,6.624077221402831
