Asset,Excess Kurtosis
S&P 500,16.838569285867944
AAPL,6.78326028247064
AMZN,5.0914026802435535
GOOG,4.738492265643749
MSFT,8.118311096176921
NVDA,6.624081884550104
