Asset,Excess Kurtosis
S&P 500,16.838569285867944
AAPL,6.783254962446953
AMZN,5.0914026802435535
GOOG,4.738487119284442
MSFT,8.118338022349135
NVDA,6.624084993282918
