Asset,Excess Kurtosis
S&P 500,16.838569285867944
AAPL,6.7832748397979925
AMZN,5.0914026802435535
GOOG,4.738487346446639
MSFT,8.118337171144212
NVDA,6.624096697621781
