Asset,Annualized Sharpe Ratio
AAPL,0.9631178194923218
AMZN,0.7422177858961478
GOOG,0.9004791289230587
MSFT,0.8885740021467243
NVDA,1.298686333661445
