Asset,Annualized Sharpe Ratio
AAPL,0.9631180102005391
AMZN,0.7422177858961484
GOOG,0.9004790625134466
MSFT,0.8885740297256032
NVDA,1.2986862765171092
