Asset,Annualized Sharpe Ratio
AAPL,0.9631178830735053
AMZN,0.7422177858961484
GOOG,0.9004790312634492
MSFT,0.8885742048852374
NVDA,1.298686537644782
