Asset,Annualized Sharpe Ratio
AAPL,0.9631178279176784
AMZN,0.7422177858961478
GOOG,0.9004790835667092
MSFT,0.8885740187227269
NVDA,1.2986864184390676
