Asset,Annualized Sharpe Ratio
AAPL,0.9631177938440209
AMZN,0.7422177858961478
GOOG,0.9004790166565437
MSFT,0.8885741416263249
NVDA,1.2986864642277944
