Asset,Annualized Sharpe Ratio
AAPL,0.9631179645676284
AMZN,0.7422177858961478
GOOG,0.9004791178135783
MSFT,0.8885740169214325
NVDA,1.2986863449376804
