Asset,Annualized Sharpe Ratio
AAPL,0.9631176900882703
AMZN,0.7422177858961478
GOOG,0.9004791751798933
MSFT,0.8885736578034914
NVDA,1.2986863118734515
