Asset,Annualized Sharpe Ratio
AAPL,0.9631178635877267
AMZN,0.7422177858961484
GOOG,0.9004789963790683
MSFT,0.8885742076793793
NVDA,1.2986864830051448
