Asset,Annualized Sharpe Ratio
AAPL,0.9631179627289476
AMZN,0.7422177858961478
GOOG,0.9004790499166937
MSFT,0.8885738647846041
NVDA,1.2986864180958848
