Asset,Annualized Sharpe Ratio
AAPL,0.9631178938478683
AMZN,0.7422177858961478
GOOG,0.9004790941807587
MSFT,0.8885741032216367
NVDA,1.2986862732013558
