Asset,Annualized Sharpe Ratio
AAPL,0.9631176096005352
AMZN,0.7422177858961478
GOOG,0.90047906413033
MSFT,0.888574140015016
NVDA,1.2986862139504622
