Asset,Annualized Sharpe Ratio
AAPL,0.9631176387992421
AMZN,0.7422177858961478
GOOG,0.9004791690025323
MSFT,0.8885737428666122
NVDA,1.2986864006953147
