Asset,Annualized Sharpe Ratio
AAPL,0.9631177306980637
AMZN,0.7422177858961478
GOOG,0.9004791934416685
MSFT,0.8885740076481017
NVDA,1.2986865036292383
