Asset,Annualized Sharpe Ratio
AAPL,0.9631179317166265
AMZN,0.7422177858961484
GOOG,0.9004791272111299
MSFT,0.8885740019677717
NVDA,1.2986864452860463
