Asset,Annualized Sharpe Ratio
AAPL,0.9631177674397992
AMZN,0.7422177858961478
GOOG,0.9004791385178131
MSFT,0.8885740979759333
NVDA,1.2986864592040797
