Asset,Annualized Sharpe Ratio
AAPL,0.9631176342348147
AMZN,0.7422177858961478
GOOG,0.9004790259393308
MSFT,0.8885736447177534
NVDA,1.2986863022281483
