Asset,Annualized Sharpe Ratio
AAPL,0.9631176294499231
AMZN,0.7422177858961478
GOOG,0.9004790697047598
MSFT,0.8885735701904017
NVDA,1.298686301332154
