Asset,Annualized Sharpe Ratio
AAPL,0.9631177655525253
AMZN,0.7422177858961478
GOOG,0.9004789855758342
MSFT,0.8885738678371183
NVDA,1.298686552174173
