Asset,Annualized Sharpe Ratio
AAPL,0.9710399918192595
AMZN,0.7492728757692227
GOOG,0.9100685556532259
MSFT,0.8874211637591671
NVDA,1.306598885873779
