Asset,Annualized Sharpe Ratio
AAPL,0.9631178636530443
AMZN,0.7422177858961478
GOOG,0.9004789394058599
MSFT,0.8885739465875105
NVDA,1.2986863725678404
