Asset,Annualized Sharpe Ratio
AAPL,0.9631178191673319
AMZN,0.7422177858961478
GOOG,0.90047909170741
MSFT,0.888573680516258
NVDA,1.2986865539981594
