Model,Portfolio,Confidence Level,Tail Probability,Number of Observations,Actual VaR Breaches,Expected VaR Breaches,Breach Rate,Expected Breach Rate,Average Return on Breach Days,Worst Return,Average VaR,Average ES,Kupiec LR Statistic,Kupiec p-value,Test Decision,Interpretation
EWMA-t,Equal Weighted Portfolio,0.95,0.050000000000000044,336,22,16.800000000000015,0.06547619047619048,0.050000000000000044,-0.02896638879296509,-0.06463197696176234,0.023933320966841077,0.032589526935001535,1.5503725146330964,0.21308045605551634,Do not reject VaR model,Do not reject: breach frequency is statistically consistent with the VaR confidence level.
EWMA-t,Long-only Global Minimum Variance Portfolio,0.95,0.050000000000000044,336,16,16.800000000000015,0.047619047619047616,0.050000000000000044,-0.027800596132826077,-0.053728858532970505,0.02108275602522258,0.028794838729996115,0.04071808617399597,0.8400830652141444,Do not reject VaR model,Do not reject: breach frequency is statistically consistent with the VaR confidence level.
EWMA-t,Long-only Tangency Portfolio,0.95,0.050000000000000044,336,17,16.800000000000015,0.050595238095238096,0.050000000000000044,-0.0434497816615027,-0.0861118453540774,0.03139691887541453,0.043255177690448135,0.0024968994618461693,0.9601471038190764,Do not reject VaR model,Do not reject: breach frequency is statistically consistent with the VaR confidence level.
