Model,Portfolio,Confidence Level,Tail Probability,Number of Observations,Actual VaR Breaches,Expected VaR Breaches,Breach Rate,Expected Breach Rate,Average Return on Breach Days,Worst Return,Average VaR,Average ES,Kupiec LR Statistic,Kupiec p-value,Test Decision,Interpretation
EWMA-t,Equal Weighted Portfolio,0.95,0.050000000000000044,336,22,16.800000000000015,0.06547619047619048,0.050000000000000044,-0.028966391800070344,-0.06463197696176236,0.02393332773022726,0.03258953072388847,1.5503725146330964,0.21308045605551634,Do not reject VaR model,Do not reject: breach frequency is statistically consistent with the VaR confidence level.
EWMA-t,Long-only Global Minimum Variance Portfolio,0.95,0.050000000000000044,336,16,16.800000000000015,0.047619047619047616,0.050000000000000044,-0.02780061131699605,-0.05372881225271273,0.02108276229511822,0.028794843167646134,0.04071808617399597,0.8400830652141444,Do not reject VaR model,Do not reject: breach frequency is statistically consistent with the VaR confidence level.
EWMA-t,Long-only Tangency Portfolio,0.95,0.050000000000000044,336,17,16.800000000000015,0.050595238095238096,0.050000000000000044,-0.04344975389820788,-0.08611188790389637,0.03139690046015827,0.04325515597413748,0.0024968994618461693,0.9601471038190764,Do not reject VaR model,Do not reject: breach frequency is statistically consistent with the VaR confidence level.
