Model,Portfolio,Confidence Level,Tail Probability,Number of Observations,Actual VaR Breaches,Expected VaR Breaches,Breach Rate,Expected Breach Rate,Average Return on Breach Days,Worst Return,Average VaR,Average ES,Kupiec LR Statistic,Kupiec p-value,Test Decision,Interpretation
EWMA-t,Equal Weighted Portfolio,0.95,0.050000000000000044,337,22,16.850000000000016,0.06528189910979229,0.050000000000000044,-0.0289663887173239,-0.06463199826241435,0.02392829594101619,0.0325826815063549,1.517730850955303,0.21796320634930738,Do not reject VaR model,Do not reject: breach frequency is statistically consistent with the VaR confidence level.
EWMA-t,Long-only Global Minimum Variance Portfolio,0.95,0.050000000000000044,337,16,16.850000000000016,0.04747774480712166,0.050000000000000044,-0.02780060358938706,-0.053728869903215834,0.021082146333190988,0.02879400245329529,0.04587285418654119,0.8304070891300482,Do not reject VaR model,Do not reject: breach frequency is statistically consistent with the VaR confidence level.
EWMA-t,Long-only Tangency Portfolio,0.95,0.050000000000000044,337,17,16.850000000000016,0.050445103857566766,0.050000000000000044,-0.04344975170067971,-0.08611185434151729,0.031388488914532386,0.043243570175453896,0.0014016573018409417,0.9701352050313703,Do not reject VaR model,Do not reject: breach frequency is statistically consistent with the VaR confidence level.
