Model,Portfolio,Confidence Level,Tail Probability,Number of Observations,Actual VaR Breaches,Expected VaR Breaches,Breach Rate,Expected Breach Rate,Average Return on Breach Days,Worst Return,Average VaR,Average ES,Kupiec LR Statistic,Kupiec p-value,Test Decision,Interpretation
EWMA-t,Equal Weighted Portfolio,0.95,0.050000000000000044,342,22,17.100000000000016,0.06432748538011696,0.050000000000000044,-0.028966388242001408,-0.06463200801061567,0.023888585739056764,0.03252860712085565,1.3606895493661,0.24341801242503222,Do not reject VaR model,Do not reject: breach frequency is statistically consistent with the VaR confidence level.
EWMA-t,Long-only Global Minimum Variance Portfolio,0.95,0.050000000000000044,342,16,17.100000000000016,0.04678362573099415,0.050000000000000044,-0.027800597677726056,-0.053728919275095426,0.021067240199316793,0.028773641738597536,0.07604830635511917,0.7827258224675244,Do not reject VaR model,Do not reject: breach frequency is statistically consistent with the VaR confidence level.
EWMA-t,Long-only Tangency Portfolio,0.95,0.050000000000000044,342,17,17.100000000000016,0.049707602339181284,0.050000000000000044,-0.04344978836851772,-0.08611191930362984,0.031338741331707935,0.04317502684097823,0.0006167141623620864,0.9801875864319929,Do not reject VaR model,Do not reject: breach frequency is statistically consistent with the VaR confidence level.
