Model,Portfolio,Confidence Level,Tail Probability,Number of Observations,Actual VaR Breaches,Expected VaR Breaches,Breach Rate,Expected Breach Rate,Average Return on Breach Days,Worst Return,Average VaR,Average ES,Kupiec LR Statistic,Kupiec p-value,Test Decision,Interpretation
EWMA-t,Equal Weighted Portfolio,0.95,0.050000000000000044,335,22,16.750000000000014,0.06567164179104477,0.050000000000000044,-0.028966387439785503,-0.06463199078388271,0.023936812374037664,0.03259427719819599,1.583431226089516,0.20826714457784629,Do not reject VaR model,Do not reject: breach frequency is statistically consistent with the VaR confidence level.
EWMA-t,Long-only Global Minimum Variance Portfolio,0.95,0.050000000000000044,335,16,16.750000000000014,0.04776119402985075,0.050000000000000044,-0.02780060208898267,-0.05372882519284255,0.021081524412156067,0.02879314989771242,0.03586093859425432,0.8498029562179815,Do not reject VaR model,Do not reject: breach frequency is statistically consistent with the VaR confidence level.
EWMA-t,Long-only Tangency Portfolio,0.95,0.050000000000000044,335,17,16.750000000000014,0.050746268656716415,0.050000000000000044,-0.04344975961873026,-0.08611189082523882,0.03140524195425308,0.04326664694385212,0.003909354627154471,0.950144887480042,Do not reject VaR model,Do not reject: breach frequency is statistically consistent with the VaR confidence level.
