Model,Portfolio,Confidence Level,Tail Probability,Number of Observations,Actual VaR Breaches,Expected VaR Breaches,Breach Rate,Expected Breach Rate,Average Return on Breach Days,Worst Return,Average VaR,Average ES,Kupiec LR Statistic,Kupiec p-value,Test Decision,Interpretation
EWMA-t,Equal Weighted Portfolio,0.95,0.050000000000000044,340,22,17.000000000000014,0.06470588235294118,0.050000000000000044,-0.028966391392429982,-0.06463198732689288,0.023906634857637655,0.03255318471283053,1.4222826878753096,0.2330280490031938,Do not reject VaR model,Do not reject: breach frequency is statistically consistent with the VaR confidence level.
EWMA-t,Long-only Global Minimum Variance Portfolio,0.95,0.050000000000000044,340,16,17.000000000000014,0.047058823529411764,0.050000000000000044,-0.027800607306523735,-0.053728831143081995,0.021076245664259193,0.028785933782968093,0.06310488702206385,0.8016541802898909,Do not reject VaR model,Do not reject: breach frequency is statistically consistent with the VaR confidence level.
EWMA-t,Long-only Tangency Portfolio,0.95,0.050000000000000044,340,17,17.000000000000014,0.05,0.050000000000000044,-0.04344976488940109,-0.0861118524139506,0.031355476326800615,0.043198087817402114,-2.842170943040401e-14,1.0,Do not reject VaR model,Do not reject: breach frequency is statistically consistent with the VaR confidence level.
