Model,Portfolio,Confidence Level,Tail Probability,Number of Observations,Actual VaR Breaches,Expected VaR Breaches,Breach Rate,Expected Breach Rate,Average Return on Breach Days,Worst Return,Average VaR,Average ES,Kupiec LR Statistic,Kupiec p-value,Test Decision,Interpretation
EWMA-t,Equal Weighted Portfolio,0.95,0.050000000000000044,336,22,16.800000000000015,0.06547619047619048,0.050000000000000044,-0.028966389140816007,-0.06463201475932856,0.023933327440261977,0.03258952971266991,1.5503725146330964,0.21308045605551634,Do not reject VaR model,Do not reject: breach frequency is statistically consistent with the VaR confidence level.
EWMA-t,Long-only Global Minimum Variance Portfolio,0.95,0.050000000000000044,336,16,16.800000000000015,0.047619047619047616,0.050000000000000044,-0.027800598250498167,-0.05372884547044875,0.02108276083654017,0.02879483957455982,0.04071808617399597,0.8400830652141444,Do not reject VaR model,Do not reject: breach frequency is statistically consistent with the VaR confidence level.
EWMA-t,Long-only Tangency Portfolio,0.95,0.050000000000000044,336,17,16.800000000000015,0.050595238095238096,0.050000000000000044,-0.04344976228793489,-0.08611185997974943,0.031396913166418294,0.04325516346715212,0.0024968994618461693,0.9601471038190764,Do not reject VaR model,Do not reject: breach frequency is statistically consistent with the VaR confidence level.
