Model,Portfolio,Confidence Level,Tail Probability,Number of Observations,Actual VaR Breaches,Expected VaR Breaches,Breach Rate,Expected Breach Rate,Average Return on Breach Days,Worst Return,Average VaR,Average ES,Kupiec LR Statistic,Kupiec p-value,Test Decision,Interpretation
EWMA-t,Equal Weighted Portfolio,0.95,0.050000000000000044,339,22,16.950000000000014,0.06489675516224189,0.050000000000000044,-0.028966388685598497,-0.06463199976263448,0.02391361313575434,0.0325626898420958,1.45368846009913,0.22793702880742406,Do not reject VaR model,Do not reject: breach frequency is statistically consistent with the VaR confidence level.
EWMA-t,Long-only Global Minimum Variance Portfolio,0.95,0.050000000000000044,339,16,16.950000000000014,0.0471976401179941,0.050000000000000044,-0.027800593319317002,-0.05372895145086192,0.021078616277068925,0.028789183191234236,0.0570680376492021,0.8111915201399721,Do not reject VaR model,Do not reject: breach frequency is statistically consistent with the VaR confidence level.
EWMA-t,Long-only Tangency Portfolio,0.95,0.050000000000000044,339,17,16.950000000000014,0.05014749262536873,0.050000000000000044,-0.04344979599319607,-0.086111977354695,0.03136716115766088,0.04321418386566044,0.0001551109832291786,0.99006311852476,Do not reject VaR model,Do not reject: breach frequency is statistically consistent with the VaR confidence level.
