Model,Portfolio,Confidence Level,Tail Probability,Number of Observations,Actual VaR Breaches,Expected VaR Breaches,Breach Rate,Expected Breach Rate,Average Return on Breach Days,Worst Return,Average VaR,Average ES,Kupiec LR Statistic,Kupiec p-value,Test Decision,Interpretation
EWMA-t,Equal Weighted Portfolio,0.95,0.050000000000000044,336,22,16.800000000000015,0.06547619047619048,0.050000000000000044,-0.02896638964245273,-0.06463199623853451,0.023933325236884424,0.032589527362796245,1.5503725146330964,0.21308045605551634,Do not reject VaR model,Do not reject: breach frequency is statistically consistent with the VaR confidence level.
EWMA-t,Long-only Global Minimum Variance Portfolio,0.95,0.050000000000000044,336,16,16.800000000000015,0.047619047619047616,0.050000000000000044,-0.027800606487096285,-0.05372888809893157,0.0210827602341998,0.028794841684064664,0.04071808617399597,0.8400830652141444,Do not reject VaR model,Do not reject: breach frequency is statistically consistent with the VaR confidence level.
EWMA-t,Long-only Tangency Portfolio,0.95,0.050000000000000044,336,17,16.800000000000015,0.050595238095238096,0.050000000000000044,-0.04344974198049114,-0.08611174494276005,0.031396896148369595,0.043255132689896066,0.0024968994618461693,0.9601471038190764,Do not reject VaR model,Do not reject: breach frequency is statistically consistent with the VaR confidence level.
