Model,Portfolio,Confidence Level,Tail Probability,Number of Observations,Actual VaR Breaches,Expected VaR Breaches,Breach Rate,Expected Breach Rate,Average Return on Breach Days,Worst Return,Average VaR,Average ES,Kupiec LR Statistic,Kupiec p-value,Test Decision,Interpretation
EWMA-t,Equal Weighted Portfolio,0.95,0.050000000000000044,341,22,17.050000000000015,0.06451612903225806,0.050000000000000044,-0.02896639463947859,-0.06463199648447156,0.023898352649795014,0.03254190701269837,1.3912838727711403,0.2381884038938611,Do not reject VaR model,Do not reject: breach frequency is statistically consistent with the VaR confidence level.
EWMA-t,Long-only Global Minimum Variance Portfolio,0.95,0.050000000000000044,341,16,17.050000000000015,0.0469208211143695,0.050000000000000044,-0.027800607956257346,-0.053728903897739724,0.021072094545043957,0.028780274312649838,0.06943222427949536,0.7921652611619028,Do not reject VaR model,Do not reject: breach frequency is statistically consistent with the VaR confidence level.
EWMA-t,Long-only Tangency Portfolio,0.95,0.050000000000000044,341,17,17.050000000000015,0.04985337243401759,0.050000000000000044,-0.04344980184794792,-0.08611190167373023,0.03134649441517488,0.04318570539162767,0.00015448795079464617,0.9900830942519017,Do not reject VaR model,Do not reject: breach frequency is statistically consistent with the VaR confidence level.
