Model,Portfolio,Confidence Level,Tail Probability,Number of Observations,Actual VaR Breaches,Expected VaR Breaches,Breach Rate,Expected Breach Rate,Average Return on Breach Days,Worst Return,Average VaR,Average ES,Kupiec LR Statistic,Kupiec p-value,Test Decision,Interpretation
EWMA-t,Equal Weighted Portfolio,0.95,0.050000000000000044,336,22,16.800000000000015,0.06547619047619048,0.050000000000000044,-0.028966389850026697,-0.06463203870859932,0.023920139146749345,0.03257157068530191,1.5503725146330964,0.21308045605551634,Do not reject VaR model,Do not reject: breach frequency is statistically consistent with the VaR confidence level.
EWMA-t,Long-only Global Minimum Variance Portfolio,0.95,0.050000000000000044,336,16,16.800000000000015,0.047619047619047616,0.050000000000000044,-0.02780059410583538,-0.053728882080615006,0.021077659580768918,0.02878787219159458,0.04071808617399597,0.8400830652141444,Do not reject VaR model,Do not reject: breach frequency is statistically consistent with the VaR confidence level.
EWMA-t,Long-only Tangency Portfolio,0.95,0.050000000000000044,336,17,16.800000000000015,0.050595238095238096,0.050000000000000044,-0.043449744703277705,-0.08611187751480226,0.031373579935064635,0.04322301949813931,0.0024968994618461693,0.9601471038190764,Do not reject VaR model,Do not reject: breach frequency is statistically consistent with the VaR confidence level.
