Model,Portfolio,Confidence Level,Tail Probability,Number of Observations,Actual VaR Breaches,Expected VaR Breaches,Breach Rate,Expected Breach Rate,Average Return on Breach Days,Worst Return,Average VaR,Average ES,Kupiec LR Statistic,Kupiec p-value,Test Decision,Interpretation
EWMA-t,Equal Weighted Portfolio,0.95,0.050000000000000044,341,22,17.050000000000015,0.06451612903225806,0.050000000000000044,-0.028966391020717564,-0.06463201397618452,0.02389835314162449,0.03254190815643644,1.3912838727711403,0.2381884038938611,Do not reject VaR model,Do not reject: breach frequency is statistically consistent with the VaR confidence level.
EWMA-t,Long-only Global Minimum Variance Portfolio,0.95,0.050000000000000044,341,16,17.050000000000015,0.0469208211143695,0.050000000000000044,-0.027800600656200526,-0.05372890151570296,0.021072089646826817,0.028780266938190333,0.06943222427949536,0.7921652611619028,Do not reject VaR model,Do not reject: breach frequency is statistically consistent with the VaR confidence level.
EWMA-t,Long-only Tangency Portfolio,0.95,0.050000000000000044,341,17,17.050000000000015,0.04985337243401759,0.050000000000000044,-0.043449762788915526,-0.0861118148871704,0.03134646713760632,0.043185669156328606,0.00015448795079464617,0.9900830942519017,Do not reject VaR model,Do not reject: breach frequency is statistically consistent with the VaR confidence level.
