Model,Portfolio,Confidence Level,Tail Probability,Number of Observations,Actual VaR Breaches,Expected VaR Breaches,Breach Rate,Expected Breach Rate,Average Return on Breach Days,Worst Return,Average VaR,Average ES,Kupiec LR Statistic,Kupiec p-value,Test Decision,Interpretation
EWMA-t,Equal Weighted Portfolio,0.95,0.050000000000000044,335,22,16.750000000000014,0.06567164179104477,0.050000000000000044,-0.028966392347801653,-0.06463199623853452,0.023936815190595727,0.032594277672021534,1.583431226089516,0.20826714457784629,Do not reject VaR model,Do not reject: breach frequency is statistically consistent with the VaR confidence level.
EWMA-t,Long-only Global Minimum Variance Portfolio,0.95,0.050000000000000044,335,16,16.750000000000014,0.04776119402985075,0.050000000000000044,-0.027800596072980237,-0.053728907241724466,0.021081530757577065,0.02879316009031563,0.03586093859425432,0.8498029562179815,Do not reject VaR model,Do not reject: breach frequency is statistically consistent with the VaR confidence level.
EWMA-t,Long-only Tangency Portfolio,0.95,0.050000000000000044,335,17,16.750000000000014,0.050746268656716415,0.050000000000000044,-0.04344981414345439,-0.08611198732886402,0.031405286002268676,0.04326669692088435,0.003909354627154471,0.950144887480042,Do not reject VaR model,Do not reject: breach frequency is statistically consistent with the VaR confidence level.
