Model,Portfolio,Confidence Level,Tail Probability,Number of Observations,Actual VaR Breaches,Expected VaR Breaches,Breach Rate,Expected Breach Rate,Average Return on Breach Days,Worst Return,Average VaR,Average ES,Kupiec LR Statistic,Kupiec p-value,Test Decision,Interpretation
EWMA-t,Equal Weighted Portfolio,0.95,0.050000000000000044,337,22,16.850000000000016,0.06528189910979229,0.050000000000000044,-0.02896639299657969,-0.06463201346526745,0.023928576625349942,0.03258305968515594,1.517730850955303,0.21796320634930738,Do not reject VaR model,Do not reject: breach frequency is statistically consistent with the VaR confidence level.
EWMA-t,Long-only Global Minimum Variance Portfolio,0.95,0.050000000000000044,337,16,16.850000000000016,0.04747774480712166,0.050000000000000044,-0.027800599746157638,-0.053728885576885974,0.02108244814788782,0.0287944103316975,0.04587285418654119,0.8304070891300482,Do not reject VaR model,Do not reject: breach frequency is statistically consistent with the VaR confidence level.
EWMA-t,Long-only Tangency Portfolio,0.95,0.050000000000000044,337,17,16.850000000000016,0.050445103857566766,0.050000000000000044,-0.043449761636717786,-0.08611177459701665,0.03138911464874328,0.0432444171391684,0.0014016573018409417,0.9701352050313703,Do not reject VaR model,Do not reject: breach frequency is statistically consistent with the VaR confidence level.
