Model,Portfolio,Confidence Level,Tail Probability,Number of Observations,Actual VaR Breaches,Expected VaR Breaches,Breach Rate,Expected Breach Rate,Average Return on Breach Days,Worst Return,Average VaR,Average ES,Kupiec LR Statistic,Kupiec p-value,Test Decision,Interpretation
GARCH-t,Equal Weighted Portfolio,0.95,0.050000000000000044,339,25,16.950000000000014,0.07374631268436578,0.050000000000000044,-0.027751682137737627,-0.06463199976263448,0.022337005805693207,0.03240072897658702,3.5333161429291238,0.06014737769241861,Do not reject VaR model,Do not reject: breach frequency is statistically consistent with the VaR confidence level.
GARCH-t,Long-only Global Minimum Variance Portfolio,0.95,0.050000000000000044,339,20,16.950000000000014,0.058997050147492625,0.050000000000000044,-0.0253887379866077,-0.05372895145086192,0.01990117272168354,0.02882591396412213,0.5475544763621087,0.45931865896220647,Do not reject VaR model,Do not reject: breach frequency is statistically consistent with the VaR confidence level.
GARCH-t,Long-only Tangency Portfolio,0.95,0.050000000000000044,339,18,16.950000000000014,0.05309734513274336,0.050000000000000044,-0.043111835054717856,-0.086111977354695,0.02997630183101648,0.044186390907603186,0.06716837453797098,0.7955051403107322,Do not reject VaR model,Do not reject: breach frequency is statistically consistent with the VaR confidence level.
