Model,Portfolio,Confidence Level,Tail Probability,Number of Observations,Actual VaR Breaches,Expected VaR Breaches,Breach Rate,Expected Breach Rate,Average Return on Breach Days,Worst Return,Average VaR,Average ES,Kupiec LR Statistic,Kupiec p-value,Test Decision,Interpretation
GARCH-t,Equal Weighted Portfolio,0.95,0.050000000000000044,342,25,17.100000000000016,0.07309941520467836,0.050000000000000044,-0.02775168208400301,-0.06463200801061567,0.02229341736789073,0.03233919703431671,3.3835340501906046,0.06585071357040022,Do not reject VaR model,Do not reject: breach frequency is statistically consistent with the VaR confidence level.
GARCH-t,Long-only Global Minimum Variance Portfolio,0.95,0.050000000000000044,342,20,17.100000000000016,0.05847953216374269,0.050000000000000044,-0.025388745440296845,-0.053728919275095426,0.0198732720333456,0.02878640111992712,0.49211464967885377,0.48298552109037174,Do not reject VaR model,Do not reject: breach frequency is statistically consistent with the VaR confidence level.
GARCH-t,Long-only Tangency Portfolio,0.95,0.050000000000000044,342,18,17.100000000000016,0.05263157894736842,0.050000000000000044,-0.04311182568326635,-0.08611191930362984,0.029949636631891,0.04414719419769625,0.049053977945902716,0.824717674950513,Do not reject VaR model,Do not reject: breach frequency is statistically consistent with the VaR confidence level.
