Model,Portfolio,Confidence Level,Tail Probability,Number of Observations,Actual VaR Breaches,Expected VaR Breaches,Breach Rate,Expected Breach Rate,Average Return on Breach Days,Worst Return,Average VaR,Average ES,Kupiec LR Statistic,Kupiec p-value,Test Decision,Interpretation
GARCH-t,Equal Weighted Portfolio,0.95,0.050000000000000044,335,25,16.750000000000014,0.07462686567164178,0.050000000000000044,-0.027751682077610283,-0.06463199548255827,0.02238440016072875,0.03246762997378584,3.739615555695366,0.05313666966107854,Do not reject VaR model,Do not reject: breach frequency is statistically consistent with the VaR confidence level.
GARCH-t,Long-only Global Minimum Variance Portfolio,0.95,0.050000000000000044,335,20,16.750000000000014,0.05970149253731343,0.050000000000000044,-0.02538874547008766,-0.05372891059023671,0.019923163222989777,0.02885688774865725,0.6266634858304769,0.4285818169352482,Do not reject VaR model,Do not reject: breach frequency is statistically consistent with the VaR confidence level.
GARCH-t,Long-only Tangency Portfolio,0.95,0.050000000000000044,335,18,16.750000000000014,0.05373134328358209,0.050000000000000044,-0.04311179917344412,-0.08611185066912155,0.03000483071671111,0.0442280340072465,0.09596208931404249,0.7567301754288318,Do not reject VaR model,Do not reject: breach frequency is statistically consistent with the VaR confidence level.
