Model,Portfolio,Confidence Level,Tail Probability,Number of Observations,Actual VaR Breaches,Expected VaR Breaches,Breach Rate,Expected Breach Rate,Average Return on Breach Days,Worst Return,Average VaR,Average ES,Kupiec LR Statistic,Kupiec p-value,Test Decision,Interpretation
GARCH-t,Equal Weighted Portfolio,0.95,0.050000000000000044,339,25,16.950000000000014,0.07374631268436578,0.050000000000000044,-0.027751682488263804,-0.06463201485164718,0.022337004010859383,0.03240070041054284,3.5333161429291238,0.06014737769241861,Do not reject VaR model,Do not reject: breach frequency is statistically consistent with the VaR confidence level.
GARCH-t,Long-only Global Minimum Variance Portfolio,0.95,0.050000000000000044,339,20,16.950000000000014,0.058997050147492625,0.050000000000000044,-0.025388745618339835,-0.05372891533829694,0.019901170249003494,0.028825901942962667,0.5475544763621087,0.45931865896220647,Do not reject VaR model,Do not reject: breach frequency is statistically consistent with the VaR confidence level.
GARCH-t,Long-only Tangency Portfolio,0.95,0.050000000000000044,339,18,16.950000000000014,0.05309734513274336,0.050000000000000044,-0.043111831766719996,-0.0861119654757915,0.0299763000094911,0.044186381082359914,0.06716837453797098,0.7955051403107322,Do not reject VaR model,Do not reject: breach frequency is statistically consistent with the VaR confidence level.
