Model,Portfolio,Confidence Level,Tail Probability,Number of Observations,Actual VaR Breaches,Expected VaR Breaches,Breach Rate,Expected Breach Rate,Average Return on Breach Days,Worst Return,Average VaR,Average ES,Kupiec LR Statistic,Kupiec p-value,Test Decision,Interpretation
GARCH-t,Equal Weighted Portfolio,0.95,0.050000000000000044,336,25,16.800000000000015,0.0744047619047619,0.050000000000000044,-0.0277516849722796,-0.06463203047322884,0.022375988567491588,0.03245577722634038,3.6873259103764155,0.05482745143312181,Do not reject VaR model,Do not reject: breach frequency is statistically consistent with the VaR confidence level.
GARCH-t,Long-only Global Minimum Variance Portfolio,0.95,0.050000000000000044,336,20,16.800000000000015,0.05952380952380952,0.050000000000000044,-0.025388747343560003,-0.053728893830127515,0.019920018765362285,0.02885248274764069,0.6063234289063928,0.4361754718869356,Do not reject VaR model,Do not reject: breach frequency is statistically consistent with the VaR confidence level.
GARCH-t,Long-only Tangency Portfolio,0.95,0.050000000000000044,336,18,16.800000000000015,0.05357142857142857,0.050000000000000044,-0.04311179688967007,-0.08611193679558174,0.03000113431843878,0.04422256385386815,0.08826031560693082,0.7664005644166673,Do not reject VaR model,Do not reject: breach frequency is statistically consistent with the VaR confidence level.
