Model,Portfolio,Confidence Level,Tail Probability,Number of Observations,Actual VaR Breaches,Expected VaR Breaches,Breach Rate,Expected Breach Rate,Average Return on Breach Days,Worst Return,Average VaR,Average ES,Kupiec LR Statistic,Kupiec p-value,Test Decision,Interpretation
GARCH-t,Equal Weighted Portfolio,0.95,0.050000000000000044,340,25,17.000000000000014,0.07352941176470588,0.050000000000000044,-0.027751683745767947,-0.06463198732689288,0.022324597174548804,0.03238320726292734,3.4829228704744537,0.06200512997814247,Do not reject VaR model,Do not reject: breach frequency is statistically consistent with the VaR confidence level.
GARCH-t,Long-only Global Minimum Variance Portfolio,0.95,0.050000000000000044,340,20,17.000000000000014,0.058823529411764705,0.050000000000000044,-0.02538874873055404,-0.053728831143081995,0.01989412756076693,0.028815951297472473,0.528707625425028,0.46715070787171664,Do not reject VaR model,Do not reject: breach frequency is statistically consistent with the VaR confidence level.
GARCH-t,Long-only Tangency Portfolio,0.95,0.050000000000000044,340,18,17.000000000000014,0.052941176470588235,0.050000000000000044,-0.04311180254938776,-0.0861118524139506,0.029964108307261834,0.04416874726154391,0.06080207344624,0.8052326926158218,Do not reject VaR model,Do not reject: breach frequency is statistically consistent with the VaR confidence level.
