Model,Portfolio,Confidence Level,Tail Probability,Number of Observations,Actual VaR Breaches,Expected VaR Breaches,Breach Rate,Expected Breach Rate,Average Return on Breach Days,Worst Return,Average VaR,Average ES,Kupiec LR Statistic,Kupiec p-value,Test Decision,Interpretation
GARCH-t,Equal Weighted Portfolio,0.95,0.050000000000000044,337,25,16.850000000000016,0.07418397626112759,0.050000000000000044,-0.027751681180478868,-0.06463199826241435,0.02236464055935716,0.032439729459367586,3.635514754566259,0.05655911182656568,Do not reject VaR model,Do not reject: breach frequency is statistically consistent with the VaR confidence level.
GARCH-t,Long-only Global Minimum Variance Portfolio,0.95,0.050000000000000044,337,20,16.850000000000016,0.05934718100890208,0.050000000000000044,-0.02538874781392515,-0.053728869903215834,0.019913805607085975,0.028843705343078747,0.5863601067303819,0.4438301046265958,Do not reject VaR model,Do not reject: breach frequency is statistically consistent with the VaR confidence level.
GARCH-t,Long-only Tangency Portfolio,0.95,0.050000000000000044,337,18,16.850000000000016,0.05341246290801187,0.050000000000000044,-0.04311179149250302,-0.08611185434151729,0.029995932674382258,0.04421490614012223,0.08089547070190406,0.7760875446924601,Do not reject VaR model,Do not reject: breach frequency is statistically consistent with the VaR confidence level.
