Model,Portfolio,Confidence Level,Tail Probability,Number of Observations,Actual VaR Breaches,Expected VaR Breaches,Breach Rate,Expected Breach Rate,Average Return on Breach Days,Worst Return,Average VaR,Average ES,Kupiec LR Statistic,Kupiec p-value,Test Decision,Interpretation
GARCH-t,Equal Weighted Portfolio,0.95,0.050000000000000044,335,25,16.750000000000014,0.07462686567164178,0.050000000000000044,-0.027751684522340767,-0.06463199623853452,0.022384398430484388,0.03246761440062474,3.739615555695366,0.05313666966107854,Do not reject VaR model,Do not reject: breach frequency is statistically consistent with the VaR confidence level.
GARCH-t,Long-only Global Minimum Variance Portfolio,0.95,0.050000000000000044,335,20,16.750000000000014,0.05970149253731343,0.050000000000000044,-0.025388745380658988,-0.053728907241724466,0.019923177413770782,0.028856888807761945,0.6266634858304769,0.4285818169352482,Do not reject VaR model,Do not reject: breach frequency is statistically consistent with the VaR confidence level.
GARCH-t,Long-only Tangency Portfolio,0.95,0.050000000000000044,335,18,16.750000000000014,0.05373134328358209,0.050000000000000044,-0.04311185510938996,-0.08611198732886402,0.03000487165253777,0.04422807475679584,0.09596208931404249,0.7567301754288318,Do not reject VaR model,Do not reject: breach frequency is statistically consistent with the VaR confidence level.
