Model,Portfolio,Confidence Level,Tail Probability,Number of Observations,Actual VaR Breaches,Expected VaR Breaches,Breach Rate,Expected Breach Rate,Average Return on Breach Days,Worst Return,Average VaR,Average ES,Kupiec LR Statistic,Kupiec p-value,Test Decision,Interpretation
GARCH-t,Equal Weighted Portfolio,0.95,0.050000000000000044,336,25,16.800000000000015,0.0744047619047619,0.050000000000000044,-0.02775168073694979,-0.06463199623853451,0.02237598391280633,0.03245573659466688,3.6873259103764155,0.05482745143312181,Do not reject VaR model,Do not reject: breach frequency is statistically consistent with the VaR confidence level.
GARCH-t,Long-only Global Minimum Variance Portfolio,0.95,0.050000000000000044,336,20,16.800000000000015,0.05952380952380952,0.050000000000000044,-0.025388747648397346,-0.05372888809893157,0.019920025992653217,0.028852474910436066,0.6063234289063928,0.4361754718869356,Do not reject VaR model,Do not reject: breach frequency is statistically consistent with the VaR confidence level.
GARCH-t,Long-only Tangency Portfolio,0.95,0.050000000000000044,336,18,16.800000000000015,0.05357142857142857,0.050000000000000044,-0.043111778968290444,-0.08611174494276005,0.030001122421307164,0.04422251690493636,0.08826031560693082,0.7664005644166673,Do not reject VaR model,Do not reject: breach frequency is statistically consistent with the VaR confidence level.
