Model,Portfolio,Confidence Level,Tail Probability,Number of Observations,Actual VaR Breaches,Expected VaR Breaches,Breach Rate,Expected Breach Rate,Average Return on Breach Days,Worst Return,Average VaR,Average ES,Kupiec LR Statistic,Kupiec p-value,Test Decision,Interpretation
GARCH-t,Equal Weighted Portfolio,0.95,0.050000000000000044,341,25,17.050000000000015,0.07331378299120235,0.050000000000000044,-0.027751682935285484,-0.06463201397618452,0.022309627564407263,0.03236207621387211,3.43299645361148,0.06390605387693506,Do not reject VaR model,Do not reject: breach frequency is statistically consistent with the VaR confidence level.
GARCH-t,Long-only Global Minimum Variance Portfolio,0.95,0.050000000000000044,341,20,17.050000000000015,0.05865102639296188,0.050000000000000044,-0.025388742300268285,-0.05372890151570296,0.01988427529879598,0.028801996279683613,0.5102284232384875,0.4750399901320147,Do not reject VaR model,Do not reject: breach frequency is statistically consistent with the VaR confidence level.
GARCH-t,Long-only Tangency Portfolio,0.95,0.050000000000000044,341,18,17.050000000000015,0.05278592375366569,0.050000000000000044,-0.04311180038991352,-0.0861118148871704,0.029954936581107833,0.044155188488666106,0.05476460104097214,0.8149707115165858,Do not reject VaR model,Do not reject: breach frequency is statistically consistent with the VaR confidence level.
