Model,Portfolio,Confidence Level,Tail Probability,Number of Observations,Actual VaR Breaches,Expected VaR Breaches,Breach Rate,Expected Breach Rate,Average Return on Breach Days,Worst Return,Average VaR,Average ES,Kupiec LR Statistic,Kupiec p-value,Test Decision,Interpretation
GARCH-t,Equal Weighted Portfolio,0.95,0.050000000000000044,336,25,16.800000000000015,0.0744047619047619,0.050000000000000044,-0.027751680179773065,-0.06463197696176234,0.022375982096431477,0.032455744626658435,3.6873259103764155,0.05482745143312181,Do not reject VaR model,Do not reject: breach frequency is statistically consistent with the VaR confidence level.
GARCH-t,Long-only Global Minimum Variance Portfolio,0.95,0.050000000000000044,336,20,16.800000000000015,0.05952380952380952,0.050000000000000044,-0.025388740701147283,-0.053728858532970505,0.019920027473597827,0.028852488231741438,0.6063234289063928,0.4361754718869356,Do not reject VaR model,Do not reject: breach frequency is statistically consistent with the VaR confidence level.
GARCH-t,Long-only Tangency Portfolio,0.95,0.050000000000000044,336,18,16.800000000000015,0.05357142857142857,0.050000000000000044,-0.04311181725438497,-0.0861118453540774,0.030001150028423056,0.04422256477413779,0.08826031560693082,0.7664005644166673,Do not reject VaR model,Do not reject: breach frequency is statistically consistent with the VaR confidence level.
