Model,Portfolio,Confidence Level,Tail Probability,Number of Observations,Actual VaR Breaches,Expected VaR Breaches,Breach Rate,Expected Breach Rate,Average Return on Breach Days,Worst Return,Average VaR,Average ES,Kupiec LR Statistic,Kupiec p-value,Test Decision,Interpretation
GARCH-t,Equal Weighted Portfolio,0.95,0.050000000000000044,336,25,16.800000000000015,0.0744047619047619,0.050000000000000044,-0.027751683183596727,-0.06463197696176236,0.022375989168557125,0.0324557492099118,3.6873259103764155,0.05482745143312181,Do not reject VaR model,Do not reject: breach frequency is statistically consistent with the VaR confidence level.
GARCH-t,Long-only Global Minimum Variance Portfolio,0.95,0.050000000000000044,336,20,16.800000000000015,0.05952380952380952,0.050000000000000044,-0.025388753400650305,-0.05372881225271273,0.01992003998773594,0.02885247878461986,0.6063234289063928,0.4361754718869356,Do not reject VaR model,Do not reject: breach frequency is statistically consistent with the VaR confidence level.
GARCH-t,Long-only Tangency Portfolio,0.95,0.050000000000000044,336,18,16.800000000000015,0.05357142857142857,0.050000000000000044,-0.04311179293250048,-0.08611188790389637,0.03000113405727783,0.04422255458158916,0.08826031560693082,0.7664005644166673,Do not reject VaR model,Do not reject: breach frequency is statistically consistent with the VaR confidence level.
