Model,Portfolio,Confidence Level,Tail Probability,Number of Observations,Actual VaR Breaches,Expected VaR Breaches,Breach Rate,Expected Breach Rate,Average Return on Breach Days,Worst Return,Average VaR,Average ES,Kupiec LR Statistic,Kupiec p-value,Test Decision,Interpretation
GARCH-t,Equal Weighted Portfolio,0.95,0.050000000000000044,335,25,16.750000000000014,0.07462686567164178,0.050000000000000044,-0.027751684787661768,-0.06463199078388271,0.022384395150462214,0.03246762398953554,3.739615555695366,0.05313666966107854,Do not reject VaR model,Do not reject: breach frequency is statistically consistent with the VaR confidence level.
GARCH-t,Long-only Global Minimum Variance Portfolio,0.95,0.050000000000000044,335,20,16.750000000000014,0.05970149253731343,0.050000000000000044,-0.02538874631823284,-0.05372877111112555,0.01992315434966571,0.028856873306005858,0.6266634858304769,0.4285818169352482,Do not reject VaR model,Do not reject: breach frequency is statistically consistent with the VaR confidence level.
GARCH-t,Long-only Tangency Portfolio,0.95,0.050000000000000044,335,18,16.750000000000014,0.05373134328358209,0.050000000000000044,-0.0431117905441452,-0.08611194165168527,0.030004815792981067,0.044228022404601545,0.09596208931404249,0.7567301754288318,Do not reject VaR model,Do not reject: breach frequency is statistically consistent with the VaR confidence level.
