Model,Portfolio,Confidence Level,Tail Probability,Number of Observations,Actual VaR Breaches,Expected VaR Breaches,Breach Rate,Expected Breach Rate,Average Return on Breach Days,Worst Return,Average VaR,Average ES,Kupiec LR Statistic,Kupiec p-value,Test Decision,Interpretation
GARCH-t,Equal Weighted Portfolio,0.95,0.050000000000000044,337,25,16.850000000000016,0.07418397626112759,0.050000000000000044,-0.02775168432494659,-0.06463201346526745,0.022365142113548248,0.03244044441123065,3.635514754566259,0.05655911182656568,Do not reject VaR model,Do not reject: breach frequency is statistically consistent with the VaR confidence level.
GARCH-t,Long-only Global Minimum Variance Portfolio,0.95,0.050000000000000044,337,20,16.850000000000016,0.05934718100890208,0.050000000000000044,-0.025388747021747732,-0.053728885576885974,0.01991429950702748,0.028844399455401147,0.5863601067303819,0.4438301046265958,Do not reject VaR model,Do not reject: breach frequency is statistically consistent with the VaR confidence level.
GARCH-t,Long-only Tangency Portfolio,0.95,0.050000000000000044,337,18,16.850000000000016,0.05341246290801187,0.050000000000000044,-0.043111797529334556,-0.08611177459701665,0.029996753862577753,0.04421607654292088,0.08089547070190406,0.7760875446924601,Do not reject VaR model,Do not reject: breach frequency is statistically consistent with the VaR confidence level.
